[
  {
    "name": "Ethereum",
    "chainId": 3,
    "rpc": "https://ropsten.infura.io/v3/a4812158fbab4a2aaa849e6f4a6dc605",
    "gateway": "0xBC6fcce7c5487d43830a219CA6E7B83238B41e71",
    "gasReceiver": "0xbE406F0189A0B4cf3A05C286473D23791Dd44Cc6",
    "constAddressDeployer": "0x617179a15fEAa53Fa82ae80b0fc3E85b7359a748",
    "tokenName": "Ether",
    "tokenSymbol": "ETH",
    "wrappedSymbol": "WETH",
    "AxelarDepositService": "0x48bE082702D2D1a2Bf0346286B524F62AA1DF095"
  },
  {
    "name": "Avalanche",
    "chainId": 43113,
    "rpc": "https://api.avax-test.network/ext/bc/C/rpc",
    "gateway": "0xC249632c2D40b9001FE907806902f63038B737Ab",
    "gasReceiver": "0xbE406F0189A0B4cf3A05C286473D23791Dd44Cc6",
    "constAddressDeployer": "0x617179a15fEAa53Fa82ae80b0fc3E85b7359a748",
    "tokenName": "Avax",
    "tokenSymbol": "AVAX",
    "wrappedSymbol": "WAVAX",
    "AxelarDepositService": "0x48bE082702D2D1a2Bf0346286B524F62AA1DF095"
  },
  {
    "name": "Fantom",
    "chainId": 4002,
    "gateway": "0x97837985Ec0494E7b9C71f5D3f9250188477ae14",
    "rpc": "https://rpc.testnet.fantom.network",
    "gasReceiver": "0xbE406F0189A0B4cf3A05C286473D23791Dd44Cc6",
    "constAddressDeployer": "0x617179a15fEAa53Fa82ae80b0fc3E85b7359a748",
    "tokenName": "Fantom",
    "tokenSymbol": "FTM",
    "wrappedSymbol": "WFTM",
    "AxelarDepositService": "0x48bE082702D2D1a2Bf0346286B524F62AA1DF095"
  },
  {
    "name": "Polygon",
    "chainId": 80001,
    "gateway": "0xBF62ef1486468a6bd26Dd669C06db43dEd5B849B",
    "rpc": "https://polygon-mumbai.g.alchemy.com/v2/Ksd4J1QVWaOJAJJNbr_nzTcJBJU-6uP3",
    "gasReceiver": "0xbE406F0189A0B4cf3A05C286473D23791Dd44Cc6",
    "constAddressDeployer": "0x617179a15fEAa53Fa82ae80b0fc3E85b7359a748",
    "tokenName": "Matic",
    "tokenSymbol": "MATIC",
    "wrappedSymbol": "WMATIC",
    "AxelarDepositService": "0x48bE082702D2D1a2Bf0346286B524F62AA1DF095"
  },
  {
    "name": "Moonbeam",
    "chainId": 1287,
    "gateway": "0x5769D84DD62a6fD969856c75c7D321b84d455929",
    "rpc": "https://moonbeam-alpha.api.onfinality.io/public",
    "gasReceiver": "0xbE406F0189A0B4cf3A05C286473D23791Dd44Cc6",
    "constAddressDeployer": "0x617179a15fEAa53Fa82ae80b0fc3E85b7359a748",
    "tokenName": "DEV",
    "tokenSymbol": "DEV",
    "wrappedSymbol": "WETH",
    "AxelarDepositService": "0x48bE082702D2D1a2Bf0346286B524F62AA1DF095"
  },
  {
    "name": "Binance",
    "chainId": 97,
    "gateway": "0x4D147dCb984e6affEEC47e44293DA442580A3Ec0",
    "rpc": "https://data-seed-prebsc-1-s1.binance.org:8545/",
    "gasReceiver": "0xbE406F0189A0B4cf3A05C286473D23791Dd44Cc6",
    "constAddressDeployer": "0x617179a15fEAa53Fa82ae80b0fc3E85b7359a748",
    "tokenName": "Binance Coin",
    "tokenSymbol": "BNB",
    "wrappedSymbol": "WBNB",
    "AxelarDepositService": "0x48bE082702D2D1a2Bf0346286B524F62AA1DF095"
  }
]
