{
  "_format": "hh-sol-cache-2",
  "files": {
    "/home/runner/work/axelar-gmp-sdk-solidity/axelar-gmp-sdk-solidity/contracts/ConstAddressDeployer.sol": {
      "lastModificationDate": 1674702566011,
      "contentHash": "d7ff9557bc27582e9f03eab2224048a9",
      "sourceName": "contracts/ConstAddressDeployer.sol",
      "solcConfig": {
        "version": "0.8.9",
        "settings": {
          "evmVersion": "london",
          "optimizer": {
            "enabled": true,
            "runs": 1000,
            "details": {
              "peephole": true,
              "inliner": true,
              "jumpdestRemover": true,
              "orderLiterals": true,
              "deduplicate": true,
              "cse": true,
              "constantOptimizer": true,
              "yul": true,
              "yulDetails": {
                "stackAllocation": true
              }
            }
          },
          "outputSelection": {
            "*": {
              "*": [
                "abi",
                "evm.bytecode",
                "evm.deployedBytecode",
                "evm.methodIdentifiers",
                "metadata"
              ],
              "": [
                "ast"
              ]
            }
          }
        }
      },
      "imports": [],
      "versionPragmas": [
        "^0.8.0"
      ],
      "artifacts": [
        "ConstAddressDeployer"
      ]
    },
    "/home/runner/work/axelar-gmp-sdk-solidity/axelar-gmp-sdk-solidity/contracts/executable/AxelarExecutable.sol": {
      "lastModificationDate": 1674702566011,
      "contentHash": "01c9e79b4847815cc5f0759e7e71d82a",
      "sourceName": "contracts/executable/AxelarExecutable.sol",
      "solcConfig": {
        "version": "0.8.9",
        "settings": {
          "evmVersion": "london",
          "optimizer": {
            "enabled": true,
            "runs": 1000,
            "details": {
              "peephole": true,
              "inliner": true,
              "jumpdestRemover": true,
              "orderLiterals": true,
              "deduplicate": true,
              "cse": true,
              "constantOptimizer": true,
              "yul": true,
              "yulDetails": {
                "stackAllocation": true
              }
            }
          },
          "outputSelection": {
            "*": {
              "*": [
                "abi",
                "evm.bytecode",
                "evm.deployedBytecode",
                "evm.methodIdentifiers",
                "metadata"
              ],
              "": [
                "ast"
              ]
            }
          }
        }
      },
      "imports": [
        "../interfaces/IAxelarGateway.sol",
        "../interfaces/IAxelarExecutable.sol"
      ],
      "versionPragmas": [
        "^0.8.0"
      ],
      "artifacts": [
        "AxelarExecutable"
      ]
    },
    "/home/runner/work/axelar-gmp-sdk-solidity/axelar-gmp-sdk-solidity/contracts/interfaces/IAxelarGateway.sol": {
      "lastModificationDate": 1674702566011,
      "contentHash": "c493ed470617f40baa752fe772d3490e",
      "sourceName": "contracts/interfaces/IAxelarGateway.sol",
      "solcConfig": {
        "version": "0.8.9",
        "settings": {
          "evmVersion": "london",
          "optimizer": {
            "enabled": true,
            "runs": 1000,
            "details": {
              "peephole": true,
              "inliner": true,
              "jumpdestRemover": true,
              "orderLiterals": true,
              "deduplicate": true,
              "cse": true,
              "constantOptimizer": true,
              "yul": true,
              "yulDetails": {
                "stackAllocation": true
              }
            }
          },
          "outputSelection": {
            "*": {
              "*": [
                "abi",
                "evm.bytecode",
                "evm.deployedBytecode",
                "evm.methodIdentifiers",
                "metadata"
              ],
              "": [
                "ast"
              ]
            }
          }
        }
      },
      "imports": [],
      "versionPragmas": [
        "^0.8.0"
      ],
      "artifacts": [
        "IAxelarGateway"
      ]
    },
    "/home/runner/work/axelar-gmp-sdk-solidity/axelar-gmp-sdk-solidity/contracts/interfaces/IAxelarExecutable.sol": {
      "lastModificationDate": 1674702566011,
      "contentHash": "2bf91caadece73810d1e7bc537174f04",
      "sourceName": "contracts/interfaces/IAxelarExecutable.sol",
      "solcConfig": {
        "version": "0.8.9",
        "settings": {
          "evmVersion": "london",
          "optimizer": {
            "enabled": true,
            "runs": 1000,
            "details": {
              "peephole": true,
              "inliner": true,
              "jumpdestRemover": true,
              "orderLiterals": true,
              "deduplicate": true,
              "cse": true,
              "constantOptimizer": true,
              "yul": true,
              "yulDetails": {
                "stackAllocation": true
              }
            }
          },
          "outputSelection": {
            "*": {
              "*": [
                "abi",
                "evm.bytecode",
                "evm.deployedBytecode",
                "evm.methodIdentifiers",
                "metadata"
              ],
              "": [
                "ast"
              ]
            }
          }
        }
      },
      "imports": [
        "./IAxelarGateway.sol"
      ],
      "versionPragmas": [
        "^0.8.0"
      ],
      "artifacts": [
        "IAxelarExecutable"
      ]
    },
    "/home/runner/work/axelar-gmp-sdk-solidity/axelar-gmp-sdk-solidity/contracts/token-linker/TokenLinkerBase.sol": {
      "lastModificationDate": 1674702566015,
      "contentHash": "352164d57dda090626c334b55dca8285",
      "sourceName": "contracts/token-linker/TokenLinkerBase.sol",
      "solcConfig": {
        "version": "0.8.9",
        "settings": {
          "evmVersion": "london",
          "optimizer": {
            "enabled": true,
            "runs": 1000,
            "details": {
              "peephole": true,
              "inliner": true,
              "jumpdestRemover": true,
              "orderLiterals": true,
              "deduplicate": true,
              "cse": true,
              "constantOptimizer": true,
              "yul": true,
              "yulDetails": {
                "stackAllocation": true
              }
            }
          },
          "outputSelection": {
            "*": {
              "*": [
                "abi",
                "evm.bytecode",
                "evm.deployedBytecode",
                "evm.methodIdentifiers",
                "metadata"
              ],
              "": [
                "ast"
              ]
            }
          }
        }
      },
      "imports": [
        "../interfaces/IAxelarGateway.sol",
        "../interfaces/IAxelarGasService.sol",
        "../executable/AxelarExecutable.sol",
        "../utils/AddressString.sol",
        "../upgradable/Upgradable.sol"
      ],
      "versionPragmas": [
        "^0.8.0"
      ],
      "artifacts": [
        "TokenLinkerBase"
      ]
    },
    "/home/runner/work/axelar-gmp-sdk-solidity/axelar-gmp-sdk-solidity/contracts/interfaces/IAxelarGasService.sol": {
      "lastModificationDate": 1674702566011,
      "contentHash": "7b062b52a949eb4ebb3a450471e4a05e",
      "sourceName": "contracts/interfaces/IAxelarGasService.sol",
      "solcConfig": {
        "version": "0.8.9",
        "settings": {
          "evmVersion": "london",
          "optimizer": {
            "enabled": true,
            "runs": 1000,
            "details": {
              "peephole": true,
              "inliner": true,
              "jumpdestRemover": true,
              "orderLiterals": true,
              "deduplicate": true,
              "cse": true,
              "constantOptimizer": true,
              "yul": true,
              "yulDetails": {
                "stackAllocation": true
              }
            }
          },
          "outputSelection": {
            "*": {
              "*": [
                "abi",
                "evm.bytecode",
                "evm.deployedBytecode",
                "evm.methodIdentifiers",
                "metadata"
              ],
              "": [
                "ast"
              ]
            }
          }
        }
      },
      "imports": [],
      "versionPragmas": [
        "^0.8.0"
      ],
      "artifacts": [
        "IAxelarGasService"
      ]
    },
    "/home/runner/work/axelar-gmp-sdk-solidity/axelar-gmp-sdk-solidity/contracts/utils/AddressString.sol": {
      "lastModificationDate": 1674702566015,
      "contentHash": "4473f746a747b313ef67251e2a8ad786",
      "sourceName": "contracts/utils/AddressString.sol",
      "solcConfig": {
        "version": "0.8.9",
        "settings": {
          "evmVersion": "london",
          "optimizer": {
            "enabled": true,
            "runs": 1000,
            "details": {
              "peephole": true,
              "inliner": true,
              "jumpdestRemover": true,
              "orderLiterals": true,
              "deduplicate": true,
              "cse": true,
              "constantOptimizer": true,
              "yul": true,
              "yulDetails": {
                "stackAllocation": true
              }
            }
          },
          "outputSelection": {
            "*": {
              "*": [
                "abi",
                "evm.bytecode",
                "evm.deployedBytecode",
                "evm.methodIdentifiers",
                "metadata"
              ],
              "": [
                "ast"
              ]
            }
          }
        }
      },
      "imports": [],
      "versionPragmas": [
        "^0.8.0"
      ],
      "artifacts": [
        "AddressToString",
        "StringToAddress"
      ]
    },
    "/home/runner/work/axelar-gmp-sdk-solidity/axelar-gmp-sdk-solidity/contracts/upgradable/Upgradable.sol": {
      "lastModificationDate": 1674702566015,
      "contentHash": "79c44e70d01cbd8282c7162195f4f8ba",
      "sourceName": "contracts/upgradable/Upgradable.sol",
      "solcConfig": {
        "version": "0.8.9",
        "settings": {
          "evmVersion": "london",
          "optimizer": {
            "enabled": true,
            "runs": 1000,
            "details": {
              "peephole": true,
              "inliner": true,
              "jumpdestRemover": true,
              "orderLiterals": true,
              "deduplicate": true,
              "cse": true,
              "constantOptimizer": true,
              "yul": true,
              "yulDetails": {
                "stackAllocation": true
              }
            }
          },
          "outputSelection": {
            "*": {
              "*": [
                "abi",
                "evm.bytecode",
                "evm.deployedBytecode",
                "evm.methodIdentifiers",
                "metadata"
              ],
              "": [
                "ast"
              ]
            }
          }
        }
      },
      "imports": [
        "../interfaces/IUpgradable.sol"
      ],
      "versionPragmas": [
        "^0.8.0"
      ],
      "artifacts": [
        "Upgradable"
      ]
    },
    "/home/runner/work/axelar-gmp-sdk-solidity/axelar-gmp-sdk-solidity/contracts/interfaces/IUpgradable.sol": {
      "lastModificationDate": 1674702566011,
      "contentHash": "c18a0a6b0eb40f3c5f260344e909e53b",
      "sourceName": "contracts/interfaces/IUpgradable.sol",
      "solcConfig": {
        "version": "0.8.9",
        "settings": {
          "evmVersion": "london",
          "optimizer": {
            "enabled": true,
            "runs": 1000,
            "details": {
              "peephole": true,
              "inliner": true,
              "jumpdestRemover": true,
              "orderLiterals": true,
              "deduplicate": true,
              "cse": true,
              "constantOptimizer": true,
              "yul": true,
              "yulDetails": {
                "stackAllocation": true
              }
            }
          },
          "outputSelection": {
            "*": {
              "*": [
                "abi",
                "evm.bytecode",
                "evm.deployedBytecode",
                "evm.methodIdentifiers",
                "metadata"
              ],
              "": [
                "ast"
              ]
            }
          }
        }
      },
      "imports": [],
      "versionPragmas": [
        "^0.8.0"
      ],
      "artifacts": [
        "IUpgradable"
      ]
    },
    "/home/runner/work/axelar-gmp-sdk-solidity/axelar-gmp-sdk-solidity/contracts/token-linker/TokenLinkerNative.sol": {
      "lastModificationDate": 1674702566015,
      "contentHash": "d13d6c5c2cde52302b84ed45d8382206",
      "sourceName": "contracts/token-linker/TokenLinkerNative.sol",
      "solcConfig": {
        "version": "0.8.9",
        "settings": {
          "evmVersion": "london",
          "optimizer": {
            "enabled": true,
            "runs": 1000,
            "details": {
              "peephole": true,
              "inliner": true,
              "jumpdestRemover": true,
              "orderLiterals": true,
              "deduplicate": true,
              "cse": true,
              "constantOptimizer": true,
              "yul": true,
              "yulDetails": {
                "stackAllocation": true
              }
            }
          },
          "outputSelection": {
            "*": {
              "*": [
                "abi",
                "evm.bytecode",
                "evm.deployedBytecode",
                "evm.methodIdentifiers",
                "metadata"
              ],
              "": [
                "ast"
              ]
            }
          }
        }
      },
      "imports": [
        "../utils/SafeTransfer.sol",
        "./TokenLinkerBase.sol"
      ],
      "versionPragmas": [
        "^0.8.0"
      ],
      "artifacts": [
        "TokenLinkerNative"
      ]
    },
    "/home/runner/work/axelar-gmp-sdk-solidity/axelar-gmp-sdk-solidity/contracts/utils/SafeTransfer.sol": {
      "lastModificationDate": 1674702566015,
      "contentHash": "6d4a4495b2acc4eeb6bfb57b1d97216e",
      "sourceName": "contracts/utils/SafeTransfer.sol",
      "solcConfig": {
        "version": "0.8.9",
        "settings": {
          "evmVersion": "london",
          "optimizer": {
            "enabled": true,
            "runs": 1000,
            "details": {
              "peephole": true,
              "inliner": true,
              "jumpdestRemover": true,
              "orderLiterals": true,
              "deduplicate": true,
              "cse": true,
              "constantOptimizer": true,
              "yul": true,
              "yulDetails": {
                "stackAllocation": true
              }
            }
          },
          "outputSelection": {
            "*": {
              "*": [
                "abi",
                "evm.bytecode",
                "evm.deployedBytecode",
                "evm.methodIdentifiers",
                "metadata"
              ],
              "": [
                "ast"
              ]
            }
          }
        }
      },
      "imports": [
        "../interfaces/IERC20.sol"
      ],
      "versionPragmas": [
        "^0.8.0"
      ],
      "artifacts": [
        "SafeNativeTransfer",
        "SafeTokenCall",
        "SafeTokenTransfer",
        "SafeTokenTransferFrom"
      ]
    },
    "/home/runner/work/axelar-gmp-sdk-solidity/axelar-gmp-sdk-solidity/contracts/interfaces/IERC20.sol": {
      "lastModificationDate": 1674702566011,
      "contentHash": "a0e1a9afa9d0b1cffeaf1d16c8a15287",
      "sourceName": "contracts/interfaces/IERC20.sol",
      "solcConfig": {
        "version": "0.8.9",
        "settings": {
          "evmVersion": "london",
          "optimizer": {
            "enabled": true,
            "runs": 1000,
            "details": {
              "peephole": true,
              "inliner": true,
              "jumpdestRemover": true,
              "orderLiterals": true,
              "deduplicate": true,
              "cse": true,
              "constantOptimizer": true,
              "yul": true,
              "yulDetails": {
                "stackAllocation": true
              }
            }
          },
          "outputSelection": {
            "*": {
              "*": [
                "abi",
                "evm.bytecode",
                "evm.deployedBytecode",
                "evm.methodIdentifiers",
                "metadata"
              ],
              "": [
                "ast"
              ]
            }
          }
        }
      },
      "imports": [],
      "versionPragmas": [
        "^0.8.0"
      ],
      "artifacts": [
        "IERC20"
      ]
    },
    "/home/runner/work/axelar-gmp-sdk-solidity/axelar-gmp-sdk-solidity/contracts/token-linker/TokenLinkerLockUnlock.sol": {
      "lastModificationDate": 1674702566015,
      "contentHash": "ba03b86b2f56315adf4c5ff8ee8299fa",
      "sourceName": "contracts/token-linker/TokenLinkerLockUnlock.sol",
      "solcConfig": {
        "version": "0.8.9",
        "settings": {
          "evmVersion": "london",
          "optimizer": {
            "enabled": true,
            "runs": 1000,
            "details": {
              "peephole": true,
              "inliner": true,
              "jumpdestRemover": true,
              "orderLiterals": true,
              "deduplicate": true,
              "cse": true,
              "constantOptimizer": true,
              "yul": true,
              "yulDetails": {
                "stackAllocation": true
              }
            }
          },
          "outputSelection": {
            "*": {
              "*": [
                "abi",
                "evm.bytecode",
                "evm.deployedBytecode",
                "evm.methodIdentifiers",
                "metadata"
              ],
              "": [
                "ast"
              ]
            }
          }
        }
      },
      "imports": [
        "../interfaces/IERC20.sol",
        "../utils/SafeTransfer.sol",
        "./TokenLinkerBase.sol"
      ],
      "versionPragmas": [
        "^0.8.0"
      ],
      "artifacts": [
        "TokenLinkerLockUnlock"
      ]
    },
    "/home/runner/work/axelar-gmp-sdk-solidity/axelar-gmp-sdk-solidity/contracts/test/MockGMPExpressService.sol": {
      "lastModificationDate": 1674702566011,
      "contentHash": "2638777487a77e910b43add837763ac8",
      "sourceName": "contracts/test/MockGMPExpressService.sol",
      "solcConfig": {
        "version": "0.8.9",
        "settings": {
          "evmVersion": "london",
          "optimizer": {
            "enabled": true,
            "runs": 1000,
            "details": {
              "peephole": true,
              "inliner": true,
              "jumpdestRemover": true,
              "orderLiterals": true,
              "deduplicate": true,
              "cse": true,
              "constantOptimizer": true,
              "yul": true,
              "yulDetails": {
                "stackAllocation": true
              }
            }
          },
          "outputSelection": {
            "*": {
              "*": [
                "abi",
                "evm.bytecode",
                "evm.deployedBytecode",
                "evm.methodIdentifiers",
                "metadata"
              ],
              "": [
                "ast"
              ]
            }
          }
        }
      },
      "imports": [
        "../interfaces/IExpressExecutable.sol",
        "../interfaces/IAxelarGateway.sol",
        "../interfaces/IGMPExpressService.sol",
        "../interfaces/IERC20.sol",
        "../executable/AxelarExecutable.sol",
        "../express/ExpressProxy.sol",
        "../utils/SafeTransfer.sol"
      ],
      "versionPragmas": [
        "0.8.9"
      ],
      "artifacts": [
        "MockGMPExpressService"
      ]
    },
    "/home/runner/work/axelar-gmp-sdk-solidity/axelar-gmp-sdk-solidity/contracts/interfaces/IExpressExecutable.sol": {
      "lastModificationDate": 1674702566011,
      "contentHash": "5636fbf821e76857981e73030408eaaf",
      "sourceName": "contracts/interfaces/IExpressExecutable.sol",
      "solcConfig": {
        "version": "0.8.9",
        "settings": {
          "evmVersion": "london",
          "optimizer": {
            "enabled": true,
            "runs": 1000,
            "details": {
              "peephole": true,
              "inliner": true,
              "jumpdestRemover": true,
              "orderLiterals": true,
              "deduplicate": true,
              "cse": true,
              "constantOptimizer": true,
              "yul": true,
              "yulDetails": {
                "stackAllocation": true
              }
            }
          },
          "outputSelection": {
            "*": {
              "*": [
                "abi",
                "evm.bytecode",
                "evm.deployedBytecode",
                "evm.methodIdentifiers",
                "metadata"
              ],
              "": [
                "ast"
              ]
            }
          }
        }
      },
      "imports": [
        "./IAxelarExecutable.sol",
        "./IExpressRegistry.sol"
      ],
      "versionPragmas": [
        "^0.8.0"
      ],
      "artifacts": [
        "IExpressExecutable"
      ]
    },
    "/home/runner/work/axelar-gmp-sdk-solidity/axelar-gmp-sdk-solidity/contracts/interfaces/IGMPExpressService.sol": {
      "lastModificationDate": 1674702566011,
      "contentHash": "ba2fd726e3e744062b7fa0a9faa9c95b",
      "sourceName": "contracts/interfaces/IGMPExpressService.sol",
      "solcConfig": {
        "version": "0.8.9",
        "settings": {
          "evmVersion": "london",
          "optimizer": {
            "enabled": true,
            "runs": 1000,
            "details": {
              "peephole": true,
              "inliner": true,
              "jumpdestRemover": true,
              "orderLiterals": true,
              "deduplicate": true,
              "cse": true,
              "constantOptimizer": true,
              "yul": true,
              "yulDetails": {
                "stackAllocation": true
              }
            }
          },
          "outputSelection": {
            "*": {
              "*": [
                "abi",
                "evm.bytecode",
                "evm.deployedBytecode",
                "evm.methodIdentifiers",
                "metadata"
              ],
              "": [
                "ast"
              ]
            }
          }
        }
      },
      "imports": [
        "./IExpressProxyFactory.sol"
      ],
      "versionPragmas": [
        "^0.8.0"
      ],
      "artifacts": [
        "IGMPExpressService"
      ]
    },
    "/home/runner/work/axelar-gmp-sdk-solidity/axelar-gmp-sdk-solidity/contracts/express/ExpressProxy.sol": {
      "lastModificationDate": 1674702566011,
      "contentHash": "4c938937f3dd939beee5491b3ebf5755",
      "sourceName": "contracts/express/ExpressProxy.sol",
      "solcConfig": {
        "version": "0.8.9",
        "settings": {
          "evmVersion": "london",
          "optimizer": {
            "enabled": true,
            "runs": 1000,
            "details": {
              "peephole": true,
              "inliner": true,
              "jumpdestRemover": true,
              "orderLiterals": true,
              "deduplicate": true,
              "cse": true,
              "constantOptimizer": true,
              "yul": true,
              "yulDetails": {
                "stackAllocation": true
              }
            }
          },
          "outputSelection": {
            "*": {
              "*": [
                "abi",
                "evm.bytecode",
                "evm.deployedBytecode",
                "evm.methodIdentifiers",
                "metadata"
              ],
              "": [
                "ast"
              ]
            }
          }
        }
      },
      "imports": [
        "../interfaces/IAxelarGateway.sol",
        "../interfaces/IERC20.sol",
        "../interfaces/IExpressExecutable.sol",
        "../interfaces/IGMPExpressService.sol",
        "../interfaces/IExpressRegistry.sol",
        "../upgradable/Proxy.sol",
        "./ExpressRegistry.sol",
        "../utils/SafeTransfer.sol"
      ],
      "versionPragmas": [
        "^0.8.0"
      ],
      "artifacts": [
        "ExpressProxy"
      ]
    },
    "/home/runner/work/axelar-gmp-sdk-solidity/axelar-gmp-sdk-solidity/contracts/interfaces/IExpressRegistry.sol": {
      "lastModificationDate": 1674702566011,
      "contentHash": "f854051623b8bac4c20f167ecee84566",
      "sourceName": "contracts/interfaces/IExpressRegistry.sol",
      "solcConfig": {
        "version": "0.8.9",
        "settings": {
          "evmVersion": "london",
          "optimizer": {
            "enabled": true,
            "runs": 1000,
            "details": {
              "peephole": true,
              "inliner": true,
              "jumpdestRemover": true,
              "orderLiterals": true,
              "deduplicate": true,
              "cse": true,
              "constantOptimizer": true,
              "yul": true,
              "yulDetails": {
                "stackAllocation": true
              }
            }
          },
          "outputSelection": {
            "*": {
              "*": [
                "abi",
                "evm.bytecode",
                "evm.deployedBytecode",
                "evm.methodIdentifiers",
                "metadata"
              ],
              "": [
                "ast"
              ]
            }
          }
        }
      },
      "imports": [
        "./IAxelarGateway.sol"
      ],
      "versionPragmas": [
        "^0.8.0"
      ],
      "artifacts": [
        "IExpressRegistry"
      ]
    },
    "/home/runner/work/axelar-gmp-sdk-solidity/axelar-gmp-sdk-solidity/contracts/interfaces/IExpressProxyFactory.sol": {
      "lastModificationDate": 1674702566011,
      "contentHash": "7a4752a2ebbcd275e8f9511ab7b2893b",
      "sourceName": "contracts/interfaces/IExpressProxyFactory.sol",
      "solcConfig": {
        "version": "0.8.9",
        "settings": {
          "evmVersion": "london",
          "optimizer": {
            "enabled": true,
            "runs": 1000,
            "details": {
              "peephole": true,
              "inliner": true,
              "jumpdestRemover": true,
              "orderLiterals": true,
              "deduplicate": true,
              "cse": true,
              "constantOptimizer": true,
              "yul": true,
              "yulDetails": {
                "stackAllocation": true
              }
            }
          },
          "outputSelection": {
            "*": {
              "*": [
                "abi",
                "evm.bytecode",
                "evm.deployedBytecode",
                "evm.methodIdentifiers",
                "metadata"
              ],
              "": [
                "ast"
              ]
            }
          }
        }
      },
      "imports": [
        "./IAxelarExecutable.sol"
      ],
      "versionPragmas": [
        "^0.8.0"
      ],
      "artifacts": [
        "IExpressProxyFactory"
      ]
    },
    "/home/runner/work/axelar-gmp-sdk-solidity/axelar-gmp-sdk-solidity/contracts/upgradable/Proxy.sol": {
      "lastModificationDate": 1674702566015,
      "contentHash": "d964bb4282acaa4eff9b804b5d320150",
      "sourceName": "contracts/upgradable/Proxy.sol",
      "solcConfig": {
        "version": "0.8.9",
        "settings": {
          "evmVersion": "london",
          "optimizer": {
            "enabled": true,
            "runs": 1000,
            "details": {
              "peephole": true,
              "inliner": true,
              "jumpdestRemover": true,
              "orderLiterals": true,
              "deduplicate": true,
              "cse": true,
              "constantOptimizer": true,
              "yul": true,
              "yulDetails": {
                "stackAllocation": true
              }
            }
          },
          "outputSelection": {
            "*": {
              "*": [
                "abi",
                "evm.bytecode",
                "evm.deployedBytecode",
                "evm.methodIdentifiers",
                "metadata"
              ],
              "": [
                "ast"
              ]
            }
          }
        }
      },
      "imports": [
        "../interfaces/IUpgradable.sol"
      ],
      "versionPragmas": [
        "^0.8.0"
      ],
      "artifacts": [
        "Proxy"
      ]
    },
    "/home/runner/work/axelar-gmp-sdk-solidity/axelar-gmp-sdk-solidity/contracts/express/ExpressRegistry.sol": {
      "lastModificationDate": 1674702566011,
      "contentHash": "7664e04520da187526c8b202cb987f89",
      "sourceName": "contracts/express/ExpressRegistry.sol",
      "solcConfig": {
        "version": "0.8.9",
        "settings": {
          "evmVersion": "london",
          "optimizer": {
            "enabled": true,
            "runs": 1000,
            "details": {
              "peephole": true,
              "inliner": true,
              "jumpdestRemover": true,
              "orderLiterals": true,
              "deduplicate": true,
              "cse": true,
              "constantOptimizer": true,
              "yul": true,
              "yulDetails": {
                "stackAllocation": true
              }
            }
          },
          "outputSelection": {
            "*": {
              "*": [
                "abi",
                "evm.bytecode",
                "evm.deployedBytecode",
                "evm.methodIdentifiers",
                "metadata"
              ],
              "": [
                "ast"
              ]
            }
          }
        }
      },
      "imports": [
        "../interfaces/IAxelarGateway.sol",
        "../interfaces/IExpressExecutable.sol",
        "../interfaces/IExpressRegistry.sol"
      ],
      "versionPragmas": [
        "^0.8.0"
      ],
      "artifacts": [
        "ExpressRegistry"
      ]
    },
    "/home/runner/work/axelar-gmp-sdk-solidity/axelar-gmp-sdk-solidity/contracts/test/MockGateway.sol": {
      "lastModificationDate": 1674702566011,
      "contentHash": "7ee62bc514af7941fb4197d8d956a6ac",
      "sourceName": "contracts/test/MockGateway.sol",
      "solcConfig": {
        "version": "0.8.9",
        "settings": {
          "evmVersion": "london",
          "optimizer": {
            "enabled": true,
            "runs": 1000,
            "details": {
              "peephole": true,
              "inliner": true,
              "jumpdestRemover": true,
              "orderLiterals": true,
              "deduplicate": true,
              "cse": true,
              "constantOptimizer": true,
              "yul": true,
              "yulDetails": {
                "stackAllocation": true
              }
            }
          },
          "outputSelection": {
            "*": {
              "*": [
                "abi",
                "evm.bytecode",
                "evm.deployedBytecode",
                "evm.methodIdentifiers",
                "metadata"
              ],
              "": [
                "ast"
              ]
            }
          }
        }
      },
      "imports": [
        "../interfaces/IAxelarGateway.sol",
        "../interfaces/IERC20.sol",
        "../interfaces/IERC20MintableBurnable.sol",
        "./ERC20MintableBurnable.sol"
      ],
      "versionPragmas": [
        "0.8.9"
      ],
      "artifacts": [
        "MockGateway"
      ]
    },
    "/home/runner/work/axelar-gmp-sdk-solidity/axelar-gmp-sdk-solidity/contracts/interfaces/IERC20MintableBurnable.sol": {
      "lastModificationDate": 1674702566011,
      "contentHash": "7a73855e03bcc7cfba9248a334dd816e",
      "sourceName": "contracts/interfaces/IERC20MintableBurnable.sol",
      "solcConfig": {
        "version": "0.8.9",
        "settings": {
          "evmVersion": "london",
          "optimizer": {
            "enabled": true,
            "runs": 1000,
            "details": {
              "peephole": true,
              "inliner": true,
              "jumpdestRemover": true,
              "orderLiterals": true,
              "deduplicate": true,
              "cse": true,
              "constantOptimizer": true,
              "yul": true,
              "yulDetails": {
                "stackAllocation": true
              }
            }
          },
          "outputSelection": {
            "*": {
              "*": [
                "abi",
                "evm.bytecode",
                "evm.deployedBytecode",
                "evm.methodIdentifiers",
                "metadata"
              ],
              "": [
                "ast"
              ]
            }
          }
        }
      },
      "imports": [
        "./IERC20.sol"
      ],
      "versionPragmas": [
        "^0.8.0"
      ],
      "artifacts": [
        "IERC20MintableBurnable"
      ]
    },
    "/home/runner/work/axelar-gmp-sdk-solidity/axelar-gmp-sdk-solidity/contracts/test/ERC20MintableBurnable.sol": {
      "lastModificationDate": 1674702566011,
      "contentHash": "74ed5edeed0a5be621849e9755c99050",
      "sourceName": "contracts/test/ERC20MintableBurnable.sol",
      "solcConfig": {
        "version": "0.8.9",
        "settings": {
          "evmVersion": "london",
          "optimizer": {
            "enabled": true,
            "runs": 1000,
            "details": {
              "peephole": true,
              "inliner": true,
              "jumpdestRemover": true,
              "orderLiterals": true,
              "deduplicate": true,
              "cse": true,
              "constantOptimizer": true,
              "yul": true,
              "yulDetails": {
                "stackAllocation": true
              }
            }
          },
          "outputSelection": {
            "*": {
              "*": [
                "abi",
                "evm.bytecode",
                "evm.deployedBytecode",
                "evm.methodIdentifiers",
                "metadata"
              ],
              "": [
                "ast"
              ]
            }
          }
        }
      },
      "imports": [
        "../interfaces/IERC20MintableBurnable.sol",
        "./ERC20.sol"
      ],
      "versionPragmas": [
        "0.8.9"
      ],
      "artifacts": [
        "ERC20MintableBurnable"
      ]
    },
    "/home/runner/work/axelar-gmp-sdk-solidity/axelar-gmp-sdk-solidity/contracts/test/ERC20.sol": {
      "lastModificationDate": 1674702566011,
      "contentHash": "c29ec54703011dc8b71d2f7dd0e2b7c0",
      "sourceName": "contracts/test/ERC20.sol",
      "solcConfig": {
        "version": "0.8.9",
        "settings": {
          "evmVersion": "london",
          "optimizer": {
            "enabled": true,
            "runs": 1000,
            "details": {
              "peephole": true,
              "inliner": true,
              "jumpdestRemover": true,
              "orderLiterals": true,
              "deduplicate": true,
              "cse": true,
              "constantOptimizer": true,
              "yul": true,
              "yulDetails": {
                "stackAllocation": true
              }
            }
          },
          "outputSelection": {
            "*": {
              "*": [
                "abi",
                "evm.bytecode",
                "evm.deployedBytecode",
                "evm.methodIdentifiers",
                "metadata"
              ],
              "": [
                "ast"
              ]
            }
          }
        }
      },
      "imports": [
        "../interfaces/IERC20.sol"
      ],
      "versionPragmas": [
        "0.8.9"
      ],
      "artifacts": [
        "ERC20"
      ]
    },
    "/home/runner/work/axelar-gmp-sdk-solidity/axelar-gmp-sdk-solidity/contracts/test/ERC20MintableBurnableInit.sol": {
      "lastModificationDate": 1674702566011,
      "contentHash": "f67f7d743f4adab72679e99d83e4e7aa",
      "sourceName": "contracts/test/ERC20MintableBurnableInit.sol",
      "solcConfig": {
        "version": "0.8.9",
        "settings": {
          "evmVersion": "london",
          "optimizer": {
            "enabled": true,
            "runs": 1000,
            "details": {
              "peephole": true,
              "inliner": true,
              "jumpdestRemover": true,
              "orderLiterals": true,
              "deduplicate": true,
              "cse": true,
              "constantOptimizer": true,
              "yul": true,
              "yulDetails": {
                "stackAllocation": true
              }
            }
          },
          "outputSelection": {
            "*": {
              "*": [
                "abi",
                "evm.bytecode",
                "evm.deployedBytecode",
                "evm.methodIdentifiers",
                "metadata"
              ],
              "": [
                "ast"
              ]
            }
          }
        }
      },
      "imports": [
        "./ERC20MintableBurnable.sol"
      ],
      "versionPragmas": [
        "0.8.9"
      ],
      "artifacts": [
        "ERC20MintableBurnableInit"
      ]
    },
    "/home/runner/work/axelar-gmp-sdk-solidity/axelar-gmp-sdk-solidity/contracts/token-linker/TokenLinkerMintBurn.sol": {
      "lastModificationDate": 1674702566015,
      "contentHash": "844c58b3b5500c265cac6a70fdcbb197",
      "sourceName": "contracts/token-linker/TokenLinkerMintBurn.sol",
      "solcConfig": {
        "version": "0.8.9",
        "settings": {
          "evmVersion": "london",
          "optimizer": {
            "enabled": true,
            "runs": 1000,
            "details": {
              "peephole": true,
              "inliner": true,
              "jumpdestRemover": true,
              "orderLiterals": true,
              "deduplicate": true,
              "cse": true,
              "constantOptimizer": true,
              "yul": true,
              "yulDetails": {
                "stackAllocation": true
              }
            }
          },
          "outputSelection": {
            "*": {
              "*": [
                "abi",
                "evm.bytecode",
                "evm.deployedBytecode",
                "evm.methodIdentifiers",
                "metadata"
              ],
              "": [
                "ast"
              ]
            }
          }
        }
      },
      "imports": [
        "../interfaces/IERC20MintableBurnable.sol",
        "./TokenLinkerBase.sol"
      ],
      "versionPragmas": [
        "^0.8.0"
      ],
      "artifacts": [
        "TokenLinkerMintBurn"
      ]
    },
    "/home/runner/work/axelar-gmp-sdk-solidity/axelar-gmp-sdk-solidity/contracts/test/gmp/SourceChainSwapCaller.sol": {
      "lastModificationDate": 1674702566015,
      "contentHash": "3b0737800cdcfdfbab439304ab9fbde8",
      "sourceName": "contracts/test/gmp/SourceChainSwapCaller.sol",
      "solcConfig": {
        "version": "0.8.9",
        "settings": {
          "evmVersion": "london",
          "optimizer": {
            "enabled": true,
            "runs": 1000,
            "details": {
              "peephole": true,
              "inliner": true,
              "jumpdestRemover": true,
              "orderLiterals": true,
              "deduplicate": true,
              "cse": true,
              "constantOptimizer": true,
              "yul": true,
              "yulDetails": {
                "stackAllocation": true
              }
            }
          },
          "outputSelection": {
            "*": {
              "*": [
                "abi",
                "evm.bytecode",
                "evm.deployedBytecode",
                "evm.methodIdentifiers",
                "metadata"
              ],
              "": [
                "ast"
              ]
            }
          }
        }
      },
      "imports": [
        "../../interfaces/IAxelarGateway.sol",
        "../../interfaces/IERC20.sol"
      ],
      "versionPragmas": [
        "0.8.9"
      ],
      "artifacts": [
        "SourceChainSwapCaller"
      ]
    },
    "/home/runner/work/axelar-gmp-sdk-solidity/axelar-gmp-sdk-solidity/contracts/nft-linker/NftLinkerBase.sol": {
      "lastModificationDate": 1674702566011,
      "contentHash": "2474b4738b511ea8122f32a9a909d30b",
      "sourceName": "contracts/nft-linker/NftLinkerBase.sol",
      "solcConfig": {
        "version": "0.8.9",
        "settings": {
          "evmVersion": "london",
          "optimizer": {
            "enabled": true,
            "runs": 1000,
            "details": {
              "peephole": true,
              "inliner": true,
              "jumpdestRemover": true,
              "orderLiterals": true,
              "deduplicate": true,
              "cse": true,
              "constantOptimizer": true,
              "yul": true,
              "yulDetails": {
                "stackAllocation": true
              }
            }
          },
          "outputSelection": {
            "*": {
              "*": [
                "abi",
                "evm.bytecode",
                "evm.deployedBytecode",
                "evm.methodIdentifiers",
                "metadata"
              ],
              "": [
                "ast"
              ]
            }
          }
        }
      },
      "imports": [
        "../interfaces/IAxelarGateway.sol",
        "../interfaces/IAxelarGasService.sol",
        "../executable/AxelarExecutable.sol",
        "../utils/AddressString.sol",
        "../upgradable/Upgradable.sol"
      ],
      "versionPragmas": [
        "^0.8.0"
      ],
      "artifacts": [
        "NftLinkerBase"
      ]
    },
    "/home/runner/work/axelar-gmp-sdk-solidity/axelar-gmp-sdk-solidity/contracts/nft-linker/NftLinkerMintBurn.sol": {
      "lastModificationDate": 1674702566011,
      "contentHash": "8884a8dc3795d013ba3a234ce45ed37f",
      "sourceName": "contracts/nft-linker/NftLinkerMintBurn.sol",
      "solcConfig": {
        "version": "0.8.9",
        "settings": {
          "evmVersion": "london",
          "optimizer": {
            "enabled": true,
            "runs": 1000,
            "details": {
              "peephole": true,
              "inliner": true,
              "jumpdestRemover": true,
              "orderLiterals": true,
              "deduplicate": true,
              "cse": true,
              "constantOptimizer": true,
              "yul": true,
              "yulDetails": {
                "stackAllocation": true
              }
            }
          },
          "outputSelection": {
            "*": {
              "*": [
                "abi",
                "evm.bytecode",
                "evm.deployedBytecode",
                "evm.methodIdentifiers",
                "metadata"
              ],
              "": [
                "ast"
              ]
            }
          }
        }
      },
      "imports": [
        "../interfaces/IERC721MintableBurnable.sol",
        "./NftLinkerBase.sol"
      ],
      "versionPragmas": [
        "^0.8.0"
      ],
      "artifacts": [
        "NftLinkerMintBurn"
      ]
    },
    "/home/runner/work/axelar-gmp-sdk-solidity/axelar-gmp-sdk-solidity/contracts/interfaces/IERC721MintableBurnable.sol": {
      "lastModificationDate": 1674702566011,
      "contentHash": "db3d382747a9d847ee67ff63a74c96d5",
      "sourceName": "contracts/interfaces/IERC721MintableBurnable.sol",
      "solcConfig": {
        "version": "0.8.9",
        "settings": {
          "evmVersion": "london",
          "optimizer": {
            "enabled": true,
            "runs": 1000,
            "details": {
              "peephole": true,
              "inliner": true,
              "jumpdestRemover": true,
              "orderLiterals": true,
              "deduplicate": true,
              "cse": true,
              "constantOptimizer": true,
              "yul": true,
              "yulDetails": {
                "stackAllocation": true
              }
            }
          },
          "outputSelection": {
            "*": {
              "*": [
                "abi",
                "evm.bytecode",
                "evm.deployedBytecode",
                "evm.methodIdentifiers",
                "metadata"
              ],
              "": [
                "ast"
              ]
            }
          }
        }
      },
      "imports": [
        "./IERC721.sol"
      ],
      "versionPragmas": [
        "^0.8.0"
      ],
      "artifacts": [
        "IERC721MintableBurnable"
      ]
    },
    "/home/runner/work/axelar-gmp-sdk-solidity/axelar-gmp-sdk-solidity/contracts/interfaces/IERC721.sol": {
      "lastModificationDate": 1674702566011,
      "contentHash": "994da964d3928c701476f8df9cfcfcc6",
      "sourceName": "contracts/interfaces/IERC721.sol",
      "solcConfig": {
        "version": "0.8.9",
        "settings": {
          "evmVersion": "london",
          "optimizer": {
            "enabled": true,
            "runs": 1000,
            "details": {
              "peephole": true,
              "inliner": true,
              "jumpdestRemover": true,
              "orderLiterals": true,
              "deduplicate": true,
              "cse": true,
              "constantOptimizer": true,
              "yul": true,
              "yulDetails": {
                "stackAllocation": true
              }
            }
          },
          "outputSelection": {
            "*": {
              "*": [
                "abi",
                "evm.bytecode",
                "evm.deployedBytecode",
                "evm.methodIdentifiers",
                "metadata"
              ],
              "": [
                "ast"
              ]
            }
          }
        }
      },
      "imports": [],
      "versionPragmas": [
        "^0.8.0"
      ],
      "artifacts": [
        "IERC721"
      ]
    },
    "/home/runner/work/axelar-gmp-sdk-solidity/axelar-gmp-sdk-solidity/contracts/nft-linker/NftLinkerLockUnlock.sol": {
      "lastModificationDate": 1674702566011,
      "contentHash": "cf80a98441126caa544a7b1b67b80114",
      "sourceName": "contracts/nft-linker/NftLinkerLockUnlock.sol",
      "solcConfig": {
        "version": "0.8.9",
        "settings": {
          "evmVersion": "london",
          "optimizer": {
            "enabled": true,
            "runs": 1000,
            "details": {
              "peephole": true,
              "inliner": true,
              "jumpdestRemover": true,
              "orderLiterals": true,
              "deduplicate": true,
              "cse": true,
              "constantOptimizer": true,
              "yul": true,
              "yulDetails": {
                "stackAllocation": true
              }
            }
          },
          "outputSelection": {
            "*": {
              "*": [
                "abi",
                "evm.bytecode",
                "evm.deployedBytecode",
                "evm.methodIdentifiers",
                "metadata"
              ],
              "": [
                "ast"
              ]
            }
          }
        }
      },
      "imports": [
        "../interfaces/IERC721.sol",
        "./NftLinkerBase.sol"
      ],
      "versionPragmas": [
        "^0.8.0"
      ],
      "artifacts": [
        "NftLinkerLockUnlock"
      ]
    },
    "/home/runner/work/axelar-gmp-sdk-solidity/axelar-gmp-sdk-solidity/contracts/test/UpgradableTest.sol": {
      "lastModificationDate": 1674702566011,
      "contentHash": "77a9a902c8214226225894b2c1a8f06f",
      "sourceName": "contracts/test/UpgradableTest.sol",
      "solcConfig": {
        "version": "0.8.9",
        "settings": {
          "evmVersion": "london",
          "optimizer": {
            "enabled": true,
            "runs": 1000,
            "details": {
              "peephole": true,
              "inliner": true,
              "jumpdestRemover": true,
              "orderLiterals": true,
              "deduplicate": true,
              "cse": true,
              "constantOptimizer": true,
              "yul": true,
              "yulDetails": {
                "stackAllocation": true
              }
            }
          },
          "outputSelection": {
            "*": {
              "*": [
                "abi",
                "evm.bytecode",
                "evm.deployedBytecode",
                "evm.methodIdentifiers",
                "metadata"
              ],
              "": [
                "ast"
              ]
            }
          }
        }
      },
      "imports": [
        "../upgradable/Upgradable.sol"
      ],
      "versionPragmas": [
        "0.8.9"
      ],
      "artifacts": [
        "UpgradableTest"
      ]
    },
    "/home/runner/work/axelar-gmp-sdk-solidity/axelar-gmp-sdk-solidity/contracts/token-linker/TokenLinkerProxy.sol": {
      "lastModificationDate": 1674702566015,
      "contentHash": "8dc42bf171f98123e552255cf12d05bc",
      "sourceName": "contracts/token-linker/TokenLinkerProxy.sol",
      "solcConfig": {
        "version": "0.8.9",
        "settings": {
          "evmVersion": "london",
          "optimizer": {
            "enabled": true,
            "runs": 1000,
            "details": {
              "peephole": true,
              "inliner": true,
              "jumpdestRemover": true,
              "orderLiterals": true,
              "deduplicate": true,
              "cse": true,
              "constantOptimizer": true,
              "yul": true,
              "yulDetails": {
                "stackAllocation": true
              }
            }
          },
          "outputSelection": {
            "*": {
              "*": [
                "abi",
                "evm.bytecode",
                "evm.deployedBytecode",
                "evm.methodIdentifiers",
                "metadata"
              ],
              "": [
                "ast"
              ]
            }
          }
        }
      },
      "imports": [
        "../upgradable/Proxy.sol"
      ],
      "versionPragmas": [
        "^0.8.0"
      ],
      "artifacts": [
        "TokenLinkerProxy"
      ]
    },
    "/home/runner/work/axelar-gmp-sdk-solidity/axelar-gmp-sdk-solidity/contracts/test/ProxyTest.sol": {
      "lastModificationDate": 1674702566011,
      "contentHash": "9fb7e3d573ec76f83e75c8a6eb7ebab5",
      "sourceName": "contracts/test/ProxyTest.sol",
      "solcConfig": {
        "version": "0.8.9",
        "settings": {
          "evmVersion": "london",
          "optimizer": {
            "enabled": true,
            "runs": 1000,
            "details": {
              "peephole": true,
              "inliner": true,
              "jumpdestRemover": true,
              "orderLiterals": true,
              "deduplicate": true,
              "cse": true,
              "constantOptimizer": true,
              "yul": true,
              "yulDetails": {
                "stackAllocation": true
              }
            }
          },
          "outputSelection": {
            "*": {
              "*": [
                "abi",
                "evm.bytecode",
                "evm.deployedBytecode",
                "evm.methodIdentifiers",
                "metadata"
              ],
              "": [
                "ast"
              ]
            }
          }
        }
      },
      "imports": [
        "../upgradable/Proxy.sol"
      ],
      "versionPragmas": [
        "0.8.9"
      ],
      "artifacts": [
        "ProxyTest"
      ]
    },
    "/home/runner/work/axelar-gmp-sdk-solidity/axelar-gmp-sdk-solidity/contracts/nft-linker/NftLinkerProxy.sol": {
      "lastModificationDate": 1674702566011,
      "contentHash": "728f29d3687a66a168192d0c84328143",
      "sourceName": "contracts/nft-linker/NftLinkerProxy.sol",
      "solcConfig": {
        "version": "0.8.9",
        "settings": {
          "evmVersion": "london",
          "optimizer": {
            "enabled": true,
            "runs": 1000,
            "details": {
              "peephole": true,
              "inliner": true,
              "jumpdestRemover": true,
              "orderLiterals": true,
              "deduplicate": true,
              "cse": true,
              "constantOptimizer": true,
              "yul": true,
              "yulDetails": {
                "stackAllocation": true
              }
            }
          },
          "outputSelection": {
            "*": {
              "*": [
                "abi",
                "evm.bytecode",
                "evm.deployedBytecode",
                "evm.methodIdentifiers",
                "metadata"
              ],
              "": [
                "ast"
              ]
            }
          }
        }
      },
      "imports": [
        "../upgradable/Proxy.sol"
      ],
      "versionPragmas": [
        "^0.8.0"
      ],
      "artifacts": [
        "NftLinkerProxy"
      ]
    },
    "/home/runner/work/axelar-gmp-sdk-solidity/axelar-gmp-sdk-solidity/contracts/test/UtilTest.sol": {
      "lastModificationDate": 1674702566011,
      "contentHash": "ebe79a3f54927ffe06e85b1c3377646c",
      "sourceName": "contracts/test/UtilTest.sol",
      "solcConfig": {
        "version": "0.8.9",
        "settings": {
          "evmVersion": "london",
          "optimizer": {
            "enabled": true,
            "runs": 1000,
            "details": {
              "peephole": true,
              "inliner": true,
              "jumpdestRemover": true,
              "orderLiterals": true,
              "deduplicate": true,
              "cse": true,
              "constantOptimizer": true,
              "yul": true,
              "yulDetails": {
                "stackAllocation": true
              }
            }
          },
          "outputSelection": {
            "*": {
              "*": [
                "abi",
                "evm.bytecode",
                "evm.deployedBytecode",
                "evm.methodIdentifiers",
                "metadata"
              ],
              "": [
                "ast"
              ]
            }
          }
        }
      },
      "imports": [
        "../utils/AddressString.sol",
        "../utils/Bytes32String.sol"
      ],
      "versionPragmas": [
        "0.8.9"
      ],
      "artifacts": [
        "UtilTest"
      ]
    },
    "/home/runner/work/axelar-gmp-sdk-solidity/axelar-gmp-sdk-solidity/contracts/utils/Bytes32String.sol": {
      "lastModificationDate": 1674702566015,
      "contentHash": "a673547035ffd52ce8d8ac8e2002f0fc",
      "sourceName": "contracts/utils/Bytes32String.sol",
      "solcConfig": {
        "version": "0.8.9",
        "settings": {
          "evmVersion": "london",
          "optimizer": {
            "enabled": true,
            "runs": 1000,
            "details": {
              "peephole": true,
              "inliner": true,
              "jumpdestRemover": true,
              "orderLiterals": true,
              "deduplicate": true,
              "cse": true,
              "constantOptimizer": true,
              "yul": true,
              "yulDetails": {
                "stackAllocation": true
              }
            }
          },
          "outputSelection": {
            "*": {
              "*": [
                "abi",
                "evm.bytecode",
                "evm.deployedBytecode",
                "evm.methodIdentifiers",
                "metadata"
              ],
              "": [
                "ast"
              ]
            }
          }
        }
      },
      "imports": [],
      "versionPragmas": [
        "^0.8.0"
      ],
      "artifacts": [
        "Bytes32ToString",
        "StringToBytes32"
      ]
    },
    "/home/runner/work/axelar-gmp-sdk-solidity/axelar-gmp-sdk-solidity/contracts/test/MockGasService.sol": {
      "lastModificationDate": 1674702566011,
      "contentHash": "8e676a0070381fbf39f15bd2b04046d9",
      "sourceName": "contracts/test/MockGasService.sol",
      "solcConfig": {
        "version": "0.8.9",
        "settings": {
          "evmVersion": "london",
          "optimizer": {
            "enabled": true,
            "runs": 1000,
            "details": {
              "peephole": true,
              "inliner": true,
              "jumpdestRemover": true,
              "orderLiterals": true,
              "deduplicate": true,
              "cse": true,
              "constantOptimizer": true,
              "yul": true,
              "yulDetails": {
                "stackAllocation": true
              }
            }
          },
          "outputSelection": {
            "*": {
              "*": [
                "abi",
                "evm.bytecode",
                "evm.deployedBytecode",
                "evm.methodIdentifiers",
                "metadata"
              ],
              "": [
                "ast"
              ]
            }
          }
        }
      },
      "imports": [
        "../interfaces/IAxelarGasService.sol",
        "../interfaces/IERC20.sol",
        "../utils/SafeTransfer.sol"
      ],
      "versionPragmas": [
        "0.8.9"
      ],
      "artifacts": [
        "MockGasService"
      ]
    },
    "/home/runner/work/axelar-gmp-sdk-solidity/axelar-gmp-sdk-solidity/contracts/express/ExpressExecutable.sol": {
      "lastModificationDate": 1674702566011,
      "contentHash": "71328a8823769bad01b5df1d942f2113",
      "sourceName": "contracts/express/ExpressExecutable.sol",
      "solcConfig": {
        "version": "0.8.9",
        "settings": {
          "evmVersion": "london",
          "optimizer": {
            "enabled": true,
            "runs": 1000,
            "details": {
              "peephole": true,
              "inliner": true,
              "jumpdestRemover": true,
              "orderLiterals": true,
              "deduplicate": true,
              "cse": true,
              "constantOptimizer": true,
              "yul": true,
              "yulDetails": {
                "stackAllocation": true
              }
            }
          },
          "outputSelection": {
            "*": {
              "*": [
                "abi",
                "evm.bytecode",
                "evm.deployedBytecode",
                "evm.methodIdentifiers",
                "metadata"
              ],
              "": [
                "ast"
              ]
            }
          }
        }
      },
      "imports": [
        "../interfaces/IAxelarGateway.sol",
        "../interfaces/IERC20.sol",
        "../interfaces/IAxelarExecutable.sol"
      ],
      "versionPragmas": [
        "^0.8.0"
      ],
      "artifacts": [
        "ExpressExecutable"
      ]
    },
    "/home/runner/work/axelar-gmp-sdk-solidity/axelar-gmp-sdk-solidity/contracts/test/gmp/DestinationChainSwapExpress.sol": {
      "lastModificationDate": 1674702566011,
      "contentHash": "92cf4f79e6b275144bb35ff3cf54da94",
      "sourceName": "contracts/test/gmp/DestinationChainSwapExpress.sol",
      "solcConfig": {
        "version": "0.8.9",
        "settings": {
          "evmVersion": "london",
          "optimizer": {
            "enabled": true,
            "runs": 1000,
            "details": {
              "peephole": true,
              "inliner": true,
              "jumpdestRemover": true,
              "orderLiterals": true,
              "deduplicate": true,
              "cse": true,
              "constantOptimizer": true,
              "yul": true,
              "yulDetails": {
                "stackAllocation": true
              }
            }
          },
          "outputSelection": {
            "*": {
              "*": [
                "abi",
                "evm.bytecode",
                "evm.deployedBytecode",
                "evm.methodIdentifiers",
                "metadata"
              ],
              "": [
                "ast"
              ]
            }
          }
        }
      },
      "imports": [
        "../../express/ExpressExecutable.sol",
        "../../interfaces/IERC20.sol",
        "./DestinationChainTokenSwapper.sol"
      ],
      "versionPragmas": [
        "0.8.9"
      ],
      "artifacts": [
        "DestinationChainSwapExpress"
      ]
    },
    "/home/runner/work/axelar-gmp-sdk-solidity/axelar-gmp-sdk-solidity/contracts/test/gmp/DestinationChainTokenSwapper.sol": {
      "lastModificationDate": 1674702566015,
      "contentHash": "2a0d1dacbf6cd446b2186de5a793b020",
      "sourceName": "contracts/test/gmp/DestinationChainTokenSwapper.sol",
      "solcConfig": {
        "version": "0.8.9",
        "settings": {
          "evmVersion": "london",
          "optimizer": {
            "enabled": true,
            "runs": 1000,
            "details": {
              "peephole": true,
              "inliner": true,
              "jumpdestRemover": true,
              "orderLiterals": true,
              "deduplicate": true,
              "cse": true,
              "constantOptimizer": true,
              "yul": true,
              "yulDetails": {
                "stackAllocation": true
              }
            }
          },
          "outputSelection": {
            "*": {
              "*": [
                "abi",
                "evm.bytecode",
                "evm.deployedBytecode",
                "evm.methodIdentifiers",
                "metadata"
              ],
              "": [
                "ast"
              ]
            }
          }
        }
      },
      "imports": [
        "../../interfaces/IERC20.sol"
      ],
      "versionPragmas": [
        "0.8.9"
      ],
      "artifacts": [
        "DestinationChainTokenSwapper"
      ]
    },
    "/home/runner/work/axelar-gmp-sdk-solidity/axelar-gmp-sdk-solidity/contracts/test/gmp/DestinationChainSwapExecutable.sol": {
      "lastModificationDate": 1674702566011,
      "contentHash": "47216c208c202705b3e834908623976b",
      "sourceName": "contracts/test/gmp/DestinationChainSwapExecutable.sol",
      "solcConfig": {
        "version": "0.8.9",
        "settings": {
          "evmVersion": "london",
          "optimizer": {
            "enabled": true,
            "runs": 1000,
            "details": {
              "peephole": true,
              "inliner": true,
              "jumpdestRemover": true,
              "orderLiterals": true,
              "deduplicate": true,
              "cse": true,
              "constantOptimizer": true,
              "yul": true,
              "yulDetails": {
                "stackAllocation": true
              }
            }
          },
          "outputSelection": {
            "*": {
              "*": [
                "abi",
                "evm.bytecode",
                "evm.deployedBytecode",
                "evm.methodIdentifiers",
                "metadata"
              ],
              "": [
                "ast"
              ]
            }
          }
        }
      },
      "imports": [
        "../../executable/AxelarExecutable.sol",
        "../../interfaces/IERC20.sol",
        "./DestinationChainTokenSwapper.sol"
      ],
      "versionPragmas": [
        "0.8.9"
      ],
      "artifacts": [
        "DestinationChainSwapExecutable"
      ]
    },
    "/home/runner/work/axelar-gmp-sdk-solidity/axelar-gmp-sdk-solidity/contracts/test/ERC721MintableBurnable.sol": {
      "lastModificationDate": 1674702566011,
      "contentHash": "19d8b61059fd43bbfa51561a9f39104c",
      "sourceName": "contracts/test/ERC721MintableBurnable.sol",
      "solcConfig": {
        "version": "0.8.9",
        "settings": {
          "evmVersion": "london",
          "optimizer": {
            "enabled": true,
            "runs": 1000,
            "details": {
              "peephole": true,
              "inliner": true,
              "jumpdestRemover": true,
              "orderLiterals": true,
              "deduplicate": true,
              "cse": true,
              "constantOptimizer": true,
              "yul": true,
              "yulDetails": {
                "stackAllocation": true
              }
            }
          },
          "outputSelection": {
            "*": {
              "*": [
                "abi",
                "evm.bytecode",
                "evm.deployedBytecode",
                "evm.methodIdentifiers",
                "metadata"
              ],
              "": [
                "ast"
              ]
            }
          }
        }
      },
      "imports": [
        "@openzeppelin/contracts/token/ERC721/ERC721.sol"
      ],
      "versionPragmas": [
        "0.8.9"
      ],
      "artifacts": [
        "ERC721MintableBurnable"
      ]
    },
    "/home/runner/work/axelar-gmp-sdk-solidity/axelar-gmp-sdk-solidity/node_modules/@openzeppelin/contracts/token/ERC721/ERC721.sol": {
      "lastModificationDate": 1674702595068,
      "contentHash": "190f627b9302b9602d3a313e28205cc5",
      "sourceName": "@openzeppelin/contracts/token/ERC721/ERC721.sol",
      "solcConfig": {
        "version": "0.8.9",
        "settings": {
          "evmVersion": "london",
          "optimizer": {
            "enabled": true,
            "runs": 1000,
            "details": {
              "peephole": true,
              "inliner": true,
              "jumpdestRemover": true,
              "orderLiterals": true,
              "deduplicate": true,
              "cse": true,
              "constantOptimizer": true,
              "yul": true,
              "yulDetails": {
                "stackAllocation": true
              }
            }
          },
          "outputSelection": {
            "*": {
              "*": [
                "abi",
                "evm.bytecode",
                "evm.deployedBytecode",
                "evm.methodIdentifiers",
                "metadata"
              ],
              "": [
                "ast"
              ]
            }
          }
        }
      },
      "imports": [
        "./IERC721.sol",
        "./IERC721Receiver.sol",
        "./extensions/IERC721Metadata.sol",
        "../../utils/Address.sol",
        "../../utils/Context.sol",
        "../../utils/Strings.sol",
        "../../utils/introspection/ERC165.sol"
      ],
      "versionPragmas": [
        "^0.8.0"
      ],
      "artifacts": [
        "ERC721"
      ]
    },
    "/home/runner/work/axelar-gmp-sdk-solidity/axelar-gmp-sdk-solidity/node_modules/@openzeppelin/contracts/token/ERC721/IERC721.sol": {
      "lastModificationDate": 1674702595712,
      "contentHash": "eb7e61db29f31d88b3c1cef1b063d338",
      "sourceName": "@openzeppelin/contracts/token/ERC721/IERC721.sol",
      "solcConfig": {
        "version": "0.8.9",
        "settings": {
          "evmVersion": "london",
          "optimizer": {
            "enabled": true,
            "runs": 1000,
            "details": {
              "peephole": true,
              "inliner": true,
              "jumpdestRemover": true,
              "orderLiterals": true,
              "deduplicate": true,
              "cse": true,
              "constantOptimizer": true,
              "yul": true,
              "yulDetails": {
                "stackAllocation": true
              }
            }
          },
          "outputSelection": {
            "*": {
              "*": [
                "abi",
                "evm.bytecode",
                "evm.deployedBytecode",
                "evm.methodIdentifiers",
                "metadata"
              ],
              "": [
                "ast"
              ]
            }
          }
        }
      },
      "imports": [
        "../../utils/introspection/IERC165.sol"
      ],
      "versionPragmas": [
        "^0.8.0"
      ],
      "artifacts": [
        "IERC721"
      ]
    },
    "/home/runner/work/axelar-gmp-sdk-solidity/axelar-gmp-sdk-solidity/node_modules/@openzeppelin/contracts/token/ERC721/IERC721Receiver.sol": {
      "lastModificationDate": 1674702595728,
      "contentHash": "c22d4395e33763de693fd440c6fd10e1",
      "sourceName": "@openzeppelin/contracts/token/ERC721/IERC721Receiver.sol",
      "solcConfig": {
        "version": "0.8.9",
        "settings": {
          "evmVersion": "london",
          "optimizer": {
            "enabled": true,
            "runs": 1000,
            "details": {
              "peephole": true,
              "inliner": true,
              "jumpdestRemover": true,
              "orderLiterals": true,
              "deduplicate": true,
              "cse": true,
              "constantOptimizer": true,
              "yul": true,
              "yulDetails": {
                "stackAllocation": true
              }
            }
          },
          "outputSelection": {
            "*": {
              "*": [
                "abi",
                "evm.bytecode",
                "evm.deployedBytecode",
                "evm.methodIdentifiers",
                "metadata"
              ],
              "": [
                "ast"
              ]
            }
          }
        }
      },
      "imports": [],
      "versionPragmas": [
        "^0.8.0"
      ],
      "artifacts": [
        "IERC721Receiver"
      ]
    },
    "/home/runner/work/axelar-gmp-sdk-solidity/axelar-gmp-sdk-solidity/node_modules/@openzeppelin/contracts/token/ERC721/extensions/IERC721Metadata.sol": {
      "lastModificationDate": 1674702595724,
      "contentHash": "efbc0d15b80a74e34dbe8da0f3e879bb",
      "sourceName": "@openzeppelin/contracts/token/ERC721/extensions/IERC721Metadata.sol",
      "solcConfig": {
        "version": "0.8.9",
        "settings": {
          "evmVersion": "london",
          "optimizer": {
            "enabled": true,
            "runs": 1000,
            "details": {
              "peephole": true,
              "inliner": true,
              "jumpdestRemover": true,
              "orderLiterals": true,
              "deduplicate": true,
              "cse": true,
              "constantOptimizer": true,
              "yul": true,
              "yulDetails": {
                "stackAllocation": true
              }
            }
          },
          "outputSelection": {
            "*": {
              "*": [
                "abi",
                "evm.bytecode",
                "evm.deployedBytecode",
                "evm.methodIdentifiers",
                "metadata"
              ],
              "": [
                "ast"
              ]
            }
          }
        }
      },
      "imports": [
        "../IERC721.sol"
      ],
      "versionPragmas": [
        "^0.8.0"
      ],
      "artifacts": [
        "IERC721Metadata"
      ]
    },
    "/home/runner/work/axelar-gmp-sdk-solidity/axelar-gmp-sdk-solidity/node_modules/@openzeppelin/contracts/utils/Address.sol": {
      "lastModificationDate": 1674702593392,
      "contentHash": "f31ad6fc4bbf9c06203987220156a6ba",
      "sourceName": "@openzeppelin/contracts/utils/Address.sol",
      "solcConfig": {
        "version": "0.8.9",
        "settings": {
          "evmVersion": "london",
          "optimizer": {
            "enabled": true,
            "runs": 1000,
            "details": {
              "peephole": true,
              "inliner": true,
              "jumpdestRemover": true,
              "orderLiterals": true,
              "deduplicate": true,
              "cse": true,
              "constantOptimizer": true,
              "yul": true,
              "yulDetails": {
                "stackAllocation": true
              }
            }
          },
          "outputSelection": {
            "*": {
              "*": [
                "abi",
                "evm.bytecode",
                "evm.deployedBytecode",
                "evm.methodIdentifiers",
                "metadata"
              ],
              "": [
                "ast"
              ]
            }
          }
        }
      },
      "imports": [],
      "versionPragmas": [
        "^0.8.1"
      ],
      "artifacts": [
        "Address"
      ]
    },
    "/home/runner/work/axelar-gmp-sdk-solidity/axelar-gmp-sdk-solidity/node_modules/@openzeppelin/contracts/utils/Context.sol": {
      "lastModificationDate": 1674702594024,
      "contentHash": "5f2c5c4b6af2dd4551027144797bc8be",
      "sourceName": "@openzeppelin/contracts/utils/Context.sol",
      "solcConfig": {
        "version": "0.8.9",
        "settings": {
          "evmVersion": "london",
          "optimizer": {
            "enabled": true,
            "runs": 1000,
            "details": {
              "peephole": true,
              "inliner": true,
              "jumpdestRemover": true,
              "orderLiterals": true,
              "deduplicate": true,
              "cse": true,
              "constantOptimizer": true,
              "yul": true,
              "yulDetails": {
                "stackAllocation": true
              }
            }
          },
          "outputSelection": {
            "*": {
              "*": [
                "abi",
                "evm.bytecode",
                "evm.deployedBytecode",
                "evm.methodIdentifiers",
                "metadata"
              ],
              "": [
                "ast"
              ]
            }
          }
        }
      },
      "imports": [],
      "versionPragmas": [
        "^0.8.0"
      ],
      "artifacts": [
        "Context"
      ]
    },
    "/home/runner/work/axelar-gmp-sdk-solidity/axelar-gmp-sdk-solidity/node_modules/@openzeppelin/contracts/utils/Strings.sol": {
      "lastModificationDate": 1674702596012,
      "contentHash": "396031251978f8febfd90cb62cb240ec",
      "sourceName": "@openzeppelin/contracts/utils/Strings.sol",
      "solcConfig": {
        "version": "0.8.9",
        "settings": {
          "evmVersion": "london",
          "optimizer": {
            "enabled": true,
            "runs": 1000,
            "details": {
              "peephole": true,
              "inliner": true,
              "jumpdestRemover": true,
              "orderLiterals": true,
              "deduplicate": true,
              "cse": true,
              "constantOptimizer": true,
              "yul": true,
              "yulDetails": {
                "stackAllocation": true
              }
            }
          },
          "outputSelection": {
            "*": {
              "*": [
                "abi",
                "evm.bytecode",
                "evm.deployedBytecode",
                "evm.methodIdentifiers",
                "metadata"
              ],
              "": [
                "ast"
              ]
            }
          }
        }
      },
      "imports": [
        "./math/Math.sol"
      ],
      "versionPragmas": [
        "^0.8.0"
      ],
      "artifacts": [
        "Strings"
      ]
    },
    "/home/runner/work/axelar-gmp-sdk-solidity/axelar-gmp-sdk-solidity/node_modules/@openzeppelin/contracts/utils/introspection/ERC165.sol": {
      "lastModificationDate": 1674702594840,
      "contentHash": "0e7db055ce108f9da7bb6686a00287c0",
      "sourceName": "@openzeppelin/contracts/utils/introspection/ERC165.sol",
      "solcConfig": {
        "version": "0.8.9",
        "settings": {
          "evmVersion": "london",
          "optimizer": {
            "enabled": true,
            "runs": 1000,
            "details": {
              "peephole": true,
              "inliner": true,
              "jumpdestRemover": true,
              "orderLiterals": true,
              "deduplicate": true,
              "cse": true,
              "constantOptimizer": true,
              "yul": true,
              "yulDetails": {
                "stackAllocation": true
              }
            }
          },
          "outputSelection": {
            "*": {
              "*": [
                "abi",
                "evm.bytecode",
                "evm.deployedBytecode",
                "evm.methodIdentifiers",
                "metadata"
              ],
              "": [
                "ast"
              ]
            }
          }
        }
      },
      "imports": [
        "./IERC165.sol"
      ],
      "versionPragmas": [
        "^0.8.0"
      ],
      "artifacts": [
        "ERC165"
      ]
    },
    "/home/runner/work/axelar-gmp-sdk-solidity/axelar-gmp-sdk-solidity/node_modules/@openzeppelin/contracts/utils/introspection/IERC165.sol": {
      "lastModificationDate": 1674702595480,
      "contentHash": "03e6768535ac4da0e9756f1d8a4a018a",
      "sourceName": "@openzeppelin/contracts/utils/introspection/IERC165.sol",
      "solcConfig": {
        "version": "0.8.9",
        "settings": {
          "evmVersion": "london",
          "optimizer": {
            "enabled": true,
            "runs": 1000,
            "details": {
              "peephole": true,
              "inliner": true,
              "jumpdestRemover": true,
              "orderLiterals": true,
              "deduplicate": true,
              "cse": true,
              "constantOptimizer": true,
              "yul": true,
              "yulDetails": {
                "stackAllocation": true
              }
            }
          },
          "outputSelection": {
            "*": {
              "*": [
                "abi",
                "evm.bytecode",
                "evm.deployedBytecode",
                "evm.methodIdentifiers",
                "metadata"
              ],
              "": [
                "ast"
              ]
            }
          }
        }
      },
      "imports": [],
      "versionPragmas": [
        "^0.8.0"
      ],
      "artifacts": [
        "IERC165"
      ]
    },
    "/home/runner/work/axelar-gmp-sdk-solidity/axelar-gmp-sdk-solidity/node_modules/@openzeppelin/contracts/utils/math/Math.sol": {
      "lastModificationDate": 1674702595852,
      "contentHash": "b9c58920ce74d6dc819161786112e7ee",
      "sourceName": "@openzeppelin/contracts/utils/math/Math.sol",
      "solcConfig": {
        "version": "0.8.9",
        "settings": {
          "evmVersion": "london",
          "optimizer": {
            "enabled": true,
            "runs": 1000,
            "details": {
              "peephole": true,
              "inliner": true,
              "jumpdestRemover": true,
              "orderLiterals": true,
              "deduplicate": true,
              "cse": true,
              "constantOptimizer": true,
              "yul": true,
              "yulDetails": {
                "stackAllocation": true
              }
            }
          },
          "outputSelection": {
            "*": {
              "*": [
                "abi",
                "evm.bytecode",
                "evm.deployedBytecode",
                "evm.methodIdentifiers",
                "metadata"
              ],
              "": [
                "ast"
              ]
            }
          }
        }
      },
      "imports": [],
      "versionPragmas": [
        "^0.8.0"
      ],
      "artifacts": [
        "Math"
      ]
    }
  }
}
