{
  "_format": "hh-sol-cache-2",
  "files": {
    "/home/runner/work/axelar-gmp-sdk-solidity/axelar-gmp-sdk-solidity/contracts/ConstAddressDeployer.sol": {
      "lastModificationDate": 1668532890596,
      "contentHash": "d7ff9557bc27582e9f03eab2224048a9",
      "sourceName": "contracts/ConstAddressDeployer.sol",
      "solcConfig": {
        "version": "0.8.9",
        "settings": {
          "evmVersion": "london",
          "optimizer": {
            "enabled": true,
            "runs": 1000,
            "details": {
              "peephole": true,
              "inliner": true,
              "jumpdestRemover": true,
              "orderLiterals": true,
              "deduplicate": true,
              "cse": true,
              "constantOptimizer": true,
              "yul": true,
              "yulDetails": {
                "stackAllocation": true
              }
            }
          },
          "outputSelection": {
            "*": {
              "*": [
                "abi",
                "evm.bytecode",
                "evm.deployedBytecode",
                "evm.methodIdentifiers",
                "metadata"
              ],
              "": [
                "ast"
              ]
            }
          }
        }
      },
      "imports": [],
      "versionPragmas": [
        "^0.8.0"
      ],
      "artifacts": [
        "ConstAddressDeployer"
      ]
    },
    "/home/runner/work/axelar-gmp-sdk-solidity/axelar-gmp-sdk-solidity/contracts/executables/AxelarExecutable.sol": {
      "lastModificationDate": 1668532890596,
      "contentHash": "dd2e042ca387f1c6b73f1a43eb9b97c9",
      "sourceName": "contracts/executables/AxelarExecutable.sol",
      "solcConfig": {
        "version": "0.8.9",
        "settings": {
          "evmVersion": "london",
          "optimizer": {
            "enabled": true,
            "runs": 1000,
            "details": {
              "peephole": true,
              "inliner": true,
              "jumpdestRemover": true,
              "orderLiterals": true,
              "deduplicate": true,
              "cse": true,
              "constantOptimizer": true,
              "yul": true,
              "yulDetails": {
                "stackAllocation": true
              }
            }
          },
          "outputSelection": {
            "*": {
              "*": [
                "abi",
                "evm.bytecode",
                "evm.deployedBytecode",
                "evm.methodIdentifiers",
                "metadata"
              ],
              "": [
                "ast"
              ]
            }
          }
        }
      },
      "imports": [
        "../interfaces/IAxelarGateway.sol",
        "../interfaces/IAxelarExecutable.sol"
      ],
      "versionPragmas": [
        "^0.8.0"
      ],
      "artifacts": [
        "AxelarExecutable"
      ]
    },
    "/home/runner/work/axelar-gmp-sdk-solidity/axelar-gmp-sdk-solidity/contracts/interfaces/IAxelarGateway.sol": {
      "lastModificationDate": 1668532890596,
      "contentHash": "c493ed470617f40baa752fe772d3490e",
      "sourceName": "contracts/interfaces/IAxelarGateway.sol",
      "solcConfig": {
        "version": "0.8.9",
        "settings": {
          "evmVersion": "london",
          "optimizer": {
            "enabled": true,
            "runs": 1000,
            "details": {
              "peephole": true,
              "inliner": true,
              "jumpdestRemover": true,
              "orderLiterals": true,
              "deduplicate": true,
              "cse": true,
              "constantOptimizer": true,
              "yul": true,
              "yulDetails": {
                "stackAllocation": true
              }
            }
          },
          "outputSelection": {
            "*": {
              "*": [
                "abi",
                "evm.bytecode",
                "evm.deployedBytecode",
                "evm.methodIdentifiers",
                "metadata"
              ],
              "": [
                "ast"
              ]
            }
          }
        }
      },
      "imports": [],
      "versionPragmas": [
        "^0.8.0"
      ],
      "artifacts": [
        "IAxelarGateway"
      ]
    },
    "/home/runner/work/axelar-gmp-sdk-solidity/axelar-gmp-sdk-solidity/contracts/interfaces/IAxelarExecutable.sol": {
      "lastModificationDate": 1668532890596,
      "contentHash": "d32da731db236d4f1c96f51fcd6b6348",
      "sourceName": "contracts/interfaces/IAxelarExecutable.sol",
      "solcConfig": {
        "version": "0.8.9",
        "settings": {
          "evmVersion": "london",
          "optimizer": {
            "enabled": true,
            "runs": 1000,
            "details": {
              "peephole": true,
              "inliner": true,
              "jumpdestRemover": true,
              "orderLiterals": true,
              "deduplicate": true,
              "cse": true,
              "constantOptimizer": true,
              "yul": true,
              "yulDetails": {
                "stackAllocation": true
              }
            }
          },
          "outputSelection": {
            "*": {
              "*": [
                "abi",
                "evm.bytecode",
                "evm.deployedBytecode",
                "evm.methodIdentifiers",
                "metadata"
              ],
              "": [
                "ast"
              ]
            }
          }
        }
      },
      "imports": [
        "../interfaces/IAxelarGateway.sol"
      ],
      "versionPragmas": [
        "^0.8.0"
      ],
      "artifacts": [
        "IAxelarExecutable"
      ]
    },
    "/home/runner/work/axelar-gmp-sdk-solidity/axelar-gmp-sdk-solidity/contracts/token-linker/TokenLinkerBase.sol": {
      "lastModificationDate": 1668532890600,
      "contentHash": "1ccbe7f86fb28880487f74748b29bd73",
      "sourceName": "contracts/token-linker/TokenLinkerBase.sol",
      "solcConfig": {
        "version": "0.8.9",
        "settings": {
          "evmVersion": "london",
          "optimizer": {
            "enabled": true,
            "runs": 1000,
            "details": {
              "peephole": true,
              "inliner": true,
              "jumpdestRemover": true,
              "orderLiterals": true,
              "deduplicate": true,
              "cse": true,
              "constantOptimizer": true,
              "yul": true,
              "yulDetails": {
                "stackAllocation": true
              }
            }
          },
          "outputSelection": {
            "*": {
              "*": [
                "abi",
                "evm.bytecode",
                "evm.deployedBytecode",
                "evm.methodIdentifiers",
                "metadata"
              ],
              "": [
                "ast"
              ]
            }
          }
        }
      },
      "imports": [
        "../interfaces/IAxelarGateway.sol",
        "../interfaces/IAxelarGasService.sol",
        "../executables/AxelarExecutable.sol",
        "../StringAddressUtils.sol",
        "../upgradables/Upgradable.sol"
      ],
      "versionPragmas": [
        "^0.8.0"
      ],
      "artifacts": [
        "TokenLinkerBase"
      ]
    },
    "/home/runner/work/axelar-gmp-sdk-solidity/axelar-gmp-sdk-solidity/contracts/interfaces/IAxelarGasService.sol": {
      "lastModificationDate": 1668532890596,
      "contentHash": "11c0bdaf20cc99f9f93160acd2c3a99c",
      "sourceName": "contracts/interfaces/IAxelarGasService.sol",
      "solcConfig": {
        "version": "0.8.9",
        "settings": {
          "evmVersion": "london",
          "optimizer": {
            "enabled": true,
            "runs": 1000,
            "details": {
              "peephole": true,
              "inliner": true,
              "jumpdestRemover": true,
              "orderLiterals": true,
              "deduplicate": true,
              "cse": true,
              "constantOptimizer": true,
              "yul": true,
              "yulDetails": {
                "stackAllocation": true
              }
            }
          },
          "outputSelection": {
            "*": {
              "*": [
                "abi",
                "evm.bytecode",
                "evm.deployedBytecode",
                "evm.methodIdentifiers",
                "metadata"
              ],
              "": [
                "ast"
              ]
            }
          }
        }
      },
      "imports": [],
      "versionPragmas": [
        "^0.8.0"
      ],
      "artifacts": [
        "IAxelarGasService"
      ]
    },
    "/home/runner/work/axelar-gmp-sdk-solidity/axelar-gmp-sdk-solidity/contracts/StringAddressUtils.sol": {
      "lastModificationDate": 1668532890596,
      "contentHash": "4473f746a747b313ef67251e2a8ad786",
      "sourceName": "contracts/StringAddressUtils.sol",
      "solcConfig": {
        "version": "0.8.9",
        "settings": {
          "evmVersion": "london",
          "optimizer": {
            "enabled": true,
            "runs": 1000,
            "details": {
              "peephole": true,
              "inliner": true,
              "jumpdestRemover": true,
              "orderLiterals": true,
              "deduplicate": true,
              "cse": true,
              "constantOptimizer": true,
              "yul": true,
              "yulDetails": {
                "stackAllocation": true
              }
            }
          },
          "outputSelection": {
            "*": {
              "*": [
                "abi",
                "evm.bytecode",
                "evm.deployedBytecode",
                "evm.methodIdentifiers",
                "metadata"
              ],
              "": [
                "ast"
              ]
            }
          }
        }
      },
      "imports": [],
      "versionPragmas": [
        "^0.8.0"
      ],
      "artifacts": [
        "AddressToString",
        "StringToAddress"
      ]
    },
    "/home/runner/work/axelar-gmp-sdk-solidity/axelar-gmp-sdk-solidity/contracts/upgradables/Upgradable.sol": {
      "lastModificationDate": 1668532890600,
      "contentHash": "0a7378a32ec65a1d6fbf073e4da6cb25",
      "sourceName": "contracts/upgradables/Upgradable.sol",
      "solcConfig": {
        "version": "0.8.9",
        "settings": {
          "evmVersion": "london",
          "optimizer": {
            "enabled": true,
            "runs": 1000,
            "details": {
              "peephole": true,
              "inliner": true,
              "jumpdestRemover": true,
              "orderLiterals": true,
              "deduplicate": true,
              "cse": true,
              "constantOptimizer": true,
              "yul": true,
              "yulDetails": {
                "stackAllocation": true
              }
            }
          },
          "outputSelection": {
            "*": {
              "*": [
                "abi",
                "evm.bytecode",
                "evm.deployedBytecode",
                "evm.methodIdentifiers",
                "metadata"
              ],
              "": [
                "ast"
              ]
            }
          }
        }
      },
      "imports": [
        "../interfaces/IUpgradable.sol"
      ],
      "versionPragmas": [
        "^0.8.0"
      ],
      "artifacts": [
        "Upgradable"
      ]
    },
    "/home/runner/work/axelar-gmp-sdk-solidity/axelar-gmp-sdk-solidity/contracts/interfaces/IUpgradable.sol": {
      "lastModificationDate": 1668532890600,
      "contentHash": "c635e2d04f1462680fde8fb3e255938e",
      "sourceName": "contracts/interfaces/IUpgradable.sol",
      "solcConfig": {
        "version": "0.8.9",
        "settings": {
          "evmVersion": "london",
          "optimizer": {
            "enabled": true,
            "runs": 1000,
            "details": {
              "peephole": true,
              "inliner": true,
              "jumpdestRemover": true,
              "orderLiterals": true,
              "deduplicate": true,
              "cse": true,
              "constantOptimizer": true,
              "yul": true,
              "yulDetails": {
                "stackAllocation": true
              }
            }
          },
          "outputSelection": {
            "*": {
              "*": [
                "abi",
                "evm.bytecode",
                "evm.deployedBytecode",
                "evm.methodIdentifiers",
                "metadata"
              ],
              "": [
                "ast"
              ]
            }
          }
        }
      },
      "imports": [],
      "versionPragmas": [
        "^0.8.0"
      ],
      "artifacts": [
        "IUpgradable"
      ]
    },
    "/home/runner/work/axelar-gmp-sdk-solidity/axelar-gmp-sdk-solidity/contracts/token-linker/TokenLinkerNative.sol": {
      "lastModificationDate": 1668532890600,
      "contentHash": "014985f29eef5e9bacba6631836ded71",
      "sourceName": "contracts/token-linker/TokenLinkerNative.sol",
      "solcConfig": {
        "version": "0.8.9",
        "settings": {
          "evmVersion": "london",
          "optimizer": {
            "enabled": true,
            "runs": 1000,
            "details": {
              "peephole": true,
              "inliner": true,
              "jumpdestRemover": true,
              "orderLiterals": true,
              "deduplicate": true,
              "cse": true,
              "constantOptimizer": true,
              "yul": true,
              "yulDetails": {
                "stackAllocation": true
              }
            }
          },
          "outputSelection": {
            "*": {
              "*": [
                "abi",
                "evm.bytecode",
                "evm.deployedBytecode",
                "evm.methodIdentifiers",
                "metadata"
              ],
              "": [
                "ast"
              ]
            }
          }
        }
      },
      "imports": [
        "./TokenLinkerBase.sol"
      ],
      "versionPragmas": [
        "^0.8.0"
      ],
      "artifacts": [
        "TokenLinkerNative"
      ]
    },
    "/home/runner/work/axelar-gmp-sdk-solidity/axelar-gmp-sdk-solidity/contracts/token-linker/TokenLinkerMintBurn.sol": {
      "lastModificationDate": 1668532890600,
      "contentHash": "844c58b3b5500c265cac6a70fdcbb197",
      "sourceName": "contracts/token-linker/TokenLinkerMintBurn.sol",
      "solcConfig": {
        "version": "0.8.9",
        "settings": {
          "evmVersion": "london",
          "optimizer": {
            "enabled": true,
            "runs": 1000,
            "details": {
              "peephole": true,
              "inliner": true,
              "jumpdestRemover": true,
              "orderLiterals": true,
              "deduplicate": true,
              "cse": true,
              "constantOptimizer": true,
              "yul": true,
              "yulDetails": {
                "stackAllocation": true
              }
            }
          },
          "outputSelection": {
            "*": {
              "*": [
                "abi",
                "evm.bytecode",
                "evm.deployedBytecode",
                "evm.methodIdentifiers",
                "metadata"
              ],
              "": [
                "ast"
              ]
            }
          }
        }
      },
      "imports": [
        "../interfaces/IERC20MintableBurnable.sol",
        "./TokenLinkerBase.sol"
      ],
      "versionPragmas": [
        "^0.8.0"
      ],
      "artifacts": [
        "TokenLinkerMintBurn"
      ]
    },
    "/home/runner/work/axelar-gmp-sdk-solidity/axelar-gmp-sdk-solidity/contracts/interfaces/IERC20MintableBurnable.sol": {
      "lastModificationDate": 1668532890596,
      "contentHash": "7a73855e03bcc7cfba9248a334dd816e",
      "sourceName": "contracts/interfaces/IERC20MintableBurnable.sol",
      "solcConfig": {
        "version": "0.8.9",
        "settings": {
          "evmVersion": "london",
          "optimizer": {
            "enabled": true,
            "runs": 1000,
            "details": {
              "peephole": true,
              "inliner": true,
              "jumpdestRemover": true,
              "orderLiterals": true,
              "deduplicate": true,
              "cse": true,
              "constantOptimizer": true,
              "yul": true,
              "yulDetails": {
                "stackAllocation": true
              }
            }
          },
          "outputSelection": {
            "*": {
              "*": [
                "abi",
                "evm.bytecode",
                "evm.deployedBytecode",
                "evm.methodIdentifiers",
                "metadata"
              ],
              "": [
                "ast"
              ]
            }
          }
        }
      },
      "imports": [
        "./IERC20.sol"
      ],
      "versionPragmas": [
        "^0.8.0"
      ],
      "artifacts": [
        "IERC20MintableBurnable"
      ]
    },
    "/home/runner/work/axelar-gmp-sdk-solidity/axelar-gmp-sdk-solidity/contracts/interfaces/IERC20.sol": {
      "lastModificationDate": 1668532890596,
      "contentHash": "a0e1a9afa9d0b1cffeaf1d16c8a15287",
      "sourceName": "contracts/interfaces/IERC20.sol",
      "solcConfig": {
        "version": "0.8.9",
        "settings": {
          "evmVersion": "london",
          "optimizer": {
            "enabled": true,
            "runs": 1000,
            "details": {
              "peephole": true,
              "inliner": true,
              "jumpdestRemover": true,
              "orderLiterals": true,
              "deduplicate": true,
              "cse": true,
              "constantOptimizer": true,
              "yul": true,
              "yulDetails": {
                "stackAllocation": true
              }
            }
          },
          "outputSelection": {
            "*": {
              "*": [
                "abi",
                "evm.bytecode",
                "evm.deployedBytecode",
                "evm.methodIdentifiers",
                "metadata"
              ],
              "": [
                "ast"
              ]
            }
          }
        }
      },
      "imports": [],
      "versionPragmas": [
        "^0.8.0"
      ],
      "artifacts": [
        "IERC20"
      ]
    },
    "/home/runner/work/axelar-gmp-sdk-solidity/axelar-gmp-sdk-solidity/contracts/test/MockGateway.sol": {
      "lastModificationDate": 1668532890600,
      "contentHash": "7ee62bc514af7941fb4197d8d956a6ac",
      "sourceName": "contracts/test/MockGateway.sol",
      "solcConfig": {
        "version": "0.8.9",
        "settings": {
          "evmVersion": "london",
          "optimizer": {
            "enabled": true,
            "runs": 1000,
            "details": {
              "peephole": true,
              "inliner": true,
              "jumpdestRemover": true,
              "orderLiterals": true,
              "deduplicate": true,
              "cse": true,
              "constantOptimizer": true,
              "yul": true,
              "yulDetails": {
                "stackAllocation": true
              }
            }
          },
          "outputSelection": {
            "*": {
              "*": [
                "abi",
                "evm.bytecode",
                "evm.deployedBytecode",
                "evm.methodIdentifiers",
                "metadata"
              ],
              "": [
                "ast"
              ]
            }
          }
        }
      },
      "imports": [
        "../interfaces/IAxelarGateway.sol",
        "../interfaces/IERC20.sol",
        "../interfaces/IERC20MintableBurnable.sol",
        "./ERC20MintableBurnable.sol"
      ],
      "versionPragmas": [
        "0.8.9"
      ],
      "artifacts": [
        "MockGateway"
      ]
    },
    "/home/runner/work/axelar-gmp-sdk-solidity/axelar-gmp-sdk-solidity/contracts/test/ERC20MintableBurnable.sol": {
      "lastModificationDate": 1668532890600,
      "contentHash": "74ed5edeed0a5be621849e9755c99050",
      "sourceName": "contracts/test/ERC20MintableBurnable.sol",
      "solcConfig": {
        "version": "0.8.9",
        "settings": {
          "evmVersion": "london",
          "optimizer": {
            "enabled": true,
            "runs": 1000,
            "details": {
              "peephole": true,
              "inliner": true,
              "jumpdestRemover": true,
              "orderLiterals": true,
              "deduplicate": true,
              "cse": true,
              "constantOptimizer": true,
              "yul": true,
              "yulDetails": {
                "stackAllocation": true
              }
            }
          },
          "outputSelection": {
            "*": {
              "*": [
                "abi",
                "evm.bytecode",
                "evm.deployedBytecode",
                "evm.methodIdentifiers",
                "metadata"
              ],
              "": [
                "ast"
              ]
            }
          }
        }
      },
      "imports": [
        "../interfaces/IERC20MintableBurnable.sol",
        "./ERC20.sol"
      ],
      "versionPragmas": [
        "0.8.9"
      ],
      "artifacts": [
        "ERC20MintableBurnable"
      ]
    },
    "/home/runner/work/axelar-gmp-sdk-solidity/axelar-gmp-sdk-solidity/contracts/test/ERC20.sol": {
      "lastModificationDate": 1668532890600,
      "contentHash": "c29ec54703011dc8b71d2f7dd0e2b7c0",
      "sourceName": "contracts/test/ERC20.sol",
      "solcConfig": {
        "version": "0.8.9",
        "settings": {
          "evmVersion": "london",
          "optimizer": {
            "enabled": true,
            "runs": 1000,
            "details": {
              "peephole": true,
              "inliner": true,
              "jumpdestRemover": true,
              "orderLiterals": true,
              "deduplicate": true,
              "cse": true,
              "constantOptimizer": true,
              "yul": true,
              "yulDetails": {
                "stackAllocation": true
              }
            }
          },
          "outputSelection": {
            "*": {
              "*": [
                "abi",
                "evm.bytecode",
                "evm.deployedBytecode",
                "evm.methodIdentifiers",
                "metadata"
              ],
              "": [
                "ast"
              ]
            }
          }
        }
      },
      "imports": [
        "../interfaces/IERC20.sol"
      ],
      "versionPragmas": [
        "0.8.9"
      ],
      "artifacts": [
        "ERC20"
      ]
    },
    "/home/runner/work/axelar-gmp-sdk-solidity/axelar-gmp-sdk-solidity/contracts/test/ERC20MintableBurnableInit.sol": {
      "lastModificationDate": 1668532890600,
      "contentHash": "f67f7d743f4adab72679e99d83e4e7aa",
      "sourceName": "contracts/test/ERC20MintableBurnableInit.sol",
      "solcConfig": {
        "version": "0.8.9",
        "settings": {
          "evmVersion": "london",
          "optimizer": {
            "enabled": true,
            "runs": 1000,
            "details": {
              "peephole": true,
              "inliner": true,
              "jumpdestRemover": true,
              "orderLiterals": true,
              "deduplicate": true,
              "cse": true,
              "constantOptimizer": true,
              "yul": true,
              "yulDetails": {
                "stackAllocation": true
              }
            }
          },
          "outputSelection": {
            "*": {
              "*": [
                "abi",
                "evm.bytecode",
                "evm.deployedBytecode",
                "evm.methodIdentifiers",
                "metadata"
              ],
              "": [
                "ast"
              ]
            }
          }
        }
      },
      "imports": [
        "./ERC20MintableBurnable.sol"
      ],
      "versionPragmas": [
        "0.8.9"
      ],
      "artifacts": [
        "ERC20MintableBurnableInit"
      ]
    },
    "/home/runner/work/axelar-gmp-sdk-solidity/axelar-gmp-sdk-solidity/contracts/token-linker/TokenLinkerLockUnlock.sol": {
      "lastModificationDate": 1668532890600,
      "contentHash": "85b9f2c516453ef3efdd41c918abb728",
      "sourceName": "contracts/token-linker/TokenLinkerLockUnlock.sol",
      "solcConfig": {
        "version": "0.8.9",
        "settings": {
          "evmVersion": "london",
          "optimizer": {
            "enabled": true,
            "runs": 1000,
            "details": {
              "peephole": true,
              "inliner": true,
              "jumpdestRemover": true,
              "orderLiterals": true,
              "deduplicate": true,
              "cse": true,
              "constantOptimizer": true,
              "yul": true,
              "yulDetails": {
                "stackAllocation": true
              }
            }
          },
          "outputSelection": {
            "*": {
              "*": [
                "abi",
                "evm.bytecode",
                "evm.deployedBytecode",
                "evm.methodIdentifiers",
                "metadata"
              ],
              "": [
                "ast"
              ]
            }
          }
        }
      },
      "imports": [
        "../interfaces/IERC20.sol",
        "./TokenLinkerBase.sol"
      ],
      "versionPragmas": [
        "^0.8.0"
      ],
      "artifacts": [
        "TokenLinkerLockUnlock"
      ]
    },
    "/home/runner/work/axelar-gmp-sdk-solidity/axelar-gmp-sdk-solidity/contracts/test/MockGasService.sol": {
      "lastModificationDate": 1668532890600,
      "contentHash": "bce85c35aaa74984f231e546a311c1e9",
      "sourceName": "contracts/test/MockGasService.sol",
      "solcConfig": {
        "version": "0.8.9",
        "settings": {
          "evmVersion": "london",
          "optimizer": {
            "enabled": true,
            "runs": 1000,
            "details": {
              "peephole": true,
              "inliner": true,
              "jumpdestRemover": true,
              "orderLiterals": true,
              "deduplicate": true,
              "cse": true,
              "constantOptimizer": true,
              "yul": true,
              "yulDetails": {
                "stackAllocation": true
              }
            }
          },
          "outputSelection": {
            "*": {
              "*": [
                "abi",
                "evm.bytecode",
                "evm.deployedBytecode",
                "evm.methodIdentifiers",
                "metadata"
              ],
              "": [
                "ast"
              ]
            }
          }
        }
      },
      "imports": [
        "../interfaces/IAxelarGasService.sol",
        "../interfaces/IERC20.sol"
      ],
      "versionPragmas": [
        "0.8.9"
      ],
      "artifacts": [
        "MockGasService"
      ]
    },
    "/home/runner/work/axelar-gmp-sdk-solidity/axelar-gmp-sdk-solidity/contracts/nft-linker/NftLinkerBase.sol": {
      "lastModificationDate": 1668532890600,
      "contentHash": "72917f8da6c27b43a0949d3fcb29921d",
      "sourceName": "contracts/nft-linker/NftLinkerBase.sol",
      "solcConfig": {
        "version": "0.8.9",
        "settings": {
          "evmVersion": "london",
          "optimizer": {
            "enabled": true,
            "runs": 1000,
            "details": {
              "peephole": true,
              "inliner": true,
              "jumpdestRemover": true,
              "orderLiterals": true,
              "deduplicate": true,
              "cse": true,
              "constantOptimizer": true,
              "yul": true,
              "yulDetails": {
                "stackAllocation": true
              }
            }
          },
          "outputSelection": {
            "*": {
              "*": [
                "abi",
                "evm.bytecode",
                "evm.deployedBytecode",
                "evm.methodIdentifiers",
                "metadata"
              ],
              "": [
                "ast"
              ]
            }
          }
        }
      },
      "imports": [
        "../interfaces/IAxelarGateway.sol",
        "../interfaces/IAxelarGasService.sol",
        "../executables/AxelarExecutable.sol",
        "../StringAddressUtils.sol",
        "../upgradables/Upgradable.sol"
      ],
      "versionPragmas": [
        "^0.8.0"
      ],
      "artifacts": [
        "NftLinkerBase"
      ]
    },
    "/home/runner/work/axelar-gmp-sdk-solidity/axelar-gmp-sdk-solidity/contracts/nft-linker/NftLinkerMintBurn.sol": {
      "lastModificationDate": 1668532890600,
      "contentHash": "8884a8dc3795d013ba3a234ce45ed37f",
      "sourceName": "contracts/nft-linker/NftLinkerMintBurn.sol",
      "solcConfig": {
        "version": "0.8.9",
        "settings": {
          "evmVersion": "london",
          "optimizer": {
            "enabled": true,
            "runs": 1000,
            "details": {
              "peephole": true,
              "inliner": true,
              "jumpdestRemover": true,
              "orderLiterals": true,
              "deduplicate": true,
              "cse": true,
              "constantOptimizer": true,
              "yul": true,
              "yulDetails": {
                "stackAllocation": true
              }
            }
          },
          "outputSelection": {
            "*": {
              "*": [
                "abi",
                "evm.bytecode",
                "evm.deployedBytecode",
                "evm.methodIdentifiers",
                "metadata"
              ],
              "": [
                "ast"
              ]
            }
          }
        }
      },
      "imports": [
        "../interfaces/IERC721MintableBurnable.sol",
        "./NftLinkerBase.sol"
      ],
      "versionPragmas": [
        "^0.8.0"
      ],
      "artifacts": [
        "NftLinkerMintBurn"
      ]
    },
    "/home/runner/work/axelar-gmp-sdk-solidity/axelar-gmp-sdk-solidity/contracts/interfaces/IERC721MintableBurnable.sol": {
      "lastModificationDate": 1668532890600,
      "contentHash": "db3d382747a9d847ee67ff63a74c96d5",
      "sourceName": "contracts/interfaces/IERC721MintableBurnable.sol",
      "solcConfig": {
        "version": "0.8.9",
        "settings": {
          "evmVersion": "london",
          "optimizer": {
            "enabled": true,
            "runs": 1000,
            "details": {
              "peephole": true,
              "inliner": true,
              "jumpdestRemover": true,
              "orderLiterals": true,
              "deduplicate": true,
              "cse": true,
              "constantOptimizer": true,
              "yul": true,
              "yulDetails": {
                "stackAllocation": true
              }
            }
          },
          "outputSelection": {
            "*": {
              "*": [
                "abi",
                "evm.bytecode",
                "evm.deployedBytecode",
                "evm.methodIdentifiers",
                "metadata"
              ],
              "": [
                "ast"
              ]
            }
          }
        }
      },
      "imports": [
        "./IERC721.sol"
      ],
      "versionPragmas": [
        "^0.8.0"
      ],
      "artifacts": [
        "IERC721MintableBurnable"
      ]
    },
    "/home/runner/work/axelar-gmp-sdk-solidity/axelar-gmp-sdk-solidity/contracts/interfaces/IERC721.sol": {
      "lastModificationDate": 1668532890600,
      "contentHash": "994da964d3928c701476f8df9cfcfcc6",
      "sourceName": "contracts/interfaces/IERC721.sol",
      "solcConfig": {
        "version": "0.8.9",
        "settings": {
          "evmVersion": "london",
          "optimizer": {
            "enabled": true,
            "runs": 1000,
            "details": {
              "peephole": true,
              "inliner": true,
              "jumpdestRemover": true,
              "orderLiterals": true,
              "deduplicate": true,
              "cse": true,
              "constantOptimizer": true,
              "yul": true,
              "yulDetails": {
                "stackAllocation": true
              }
            }
          },
          "outputSelection": {
            "*": {
              "*": [
                "abi",
                "evm.bytecode",
                "evm.deployedBytecode",
                "evm.methodIdentifiers",
                "metadata"
              ],
              "": [
                "ast"
              ]
            }
          }
        }
      },
      "imports": [],
      "versionPragmas": [
        "^0.8.0"
      ],
      "artifacts": [
        "IERC721"
      ]
    },
    "/home/runner/work/axelar-gmp-sdk-solidity/axelar-gmp-sdk-solidity/contracts/nft-linker/NftLinkerLockUnlock.sol": {
      "lastModificationDate": 1668532890600,
      "contentHash": "cf80a98441126caa544a7b1b67b80114",
      "sourceName": "contracts/nft-linker/NftLinkerLockUnlock.sol",
      "solcConfig": {
        "version": "0.8.9",
        "settings": {
          "evmVersion": "london",
          "optimizer": {
            "enabled": true,
            "runs": 1000,
            "details": {
              "peephole": true,
              "inliner": true,
              "jumpdestRemover": true,
              "orderLiterals": true,
              "deduplicate": true,
              "cse": true,
              "constantOptimizer": true,
              "yul": true,
              "yulDetails": {
                "stackAllocation": true
              }
            }
          },
          "outputSelection": {
            "*": {
              "*": [
                "abi",
                "evm.bytecode",
                "evm.deployedBytecode",
                "evm.methodIdentifiers",
                "metadata"
              ],
              "": [
                "ast"
              ]
            }
          }
        }
      },
      "imports": [
        "../interfaces/IERC721.sol",
        "./NftLinkerBase.sol"
      ],
      "versionPragmas": [
        "^0.8.0"
      ],
      "artifacts": [
        "NftLinkerLockUnlock"
      ]
    },
    "/home/runner/work/axelar-gmp-sdk-solidity/axelar-gmp-sdk-solidity/contracts/upgradables/Proxy.sol": {
      "lastModificationDate": 1668532890600,
      "contentHash": "b6867b982884296119b788030a8936ba",
      "sourceName": "contracts/upgradables/Proxy.sol",
      "solcConfig": {
        "version": "0.8.9",
        "settings": {
          "evmVersion": "london",
          "optimizer": {
            "enabled": true,
            "runs": 1000,
            "details": {
              "peephole": true,
              "inliner": true,
              "jumpdestRemover": true,
              "orderLiterals": true,
              "deduplicate": true,
              "cse": true,
              "constantOptimizer": true,
              "yul": true,
              "yulDetails": {
                "stackAllocation": true
              }
            }
          },
          "outputSelection": {
            "*": {
              "*": [
                "abi",
                "evm.bytecode",
                "evm.deployedBytecode",
                "evm.methodIdentifiers",
                "metadata"
              ],
              "": [
                "ast"
              ]
            }
          }
        }
      },
      "imports": [
        "../interfaces/IUpgradable.sol"
      ],
      "versionPragmas": [
        "^0.8.0"
      ],
      "artifacts": [
        "Proxy"
      ]
    },
    "/home/runner/work/axelar-gmp-sdk-solidity/axelar-gmp-sdk-solidity/contracts/token-linker/TokenLinkerProxy.sol": {
      "lastModificationDate": 1668532890600,
      "contentHash": "8cdbb87dfff4c56eb5d800d95d789c25",
      "sourceName": "contracts/token-linker/TokenLinkerProxy.sol",
      "solcConfig": {
        "version": "0.8.9",
        "settings": {
          "evmVersion": "london",
          "optimizer": {
            "enabled": true,
            "runs": 1000,
            "details": {
              "peephole": true,
              "inliner": true,
              "jumpdestRemover": true,
              "orderLiterals": true,
              "deduplicate": true,
              "cse": true,
              "constantOptimizer": true,
              "yul": true,
              "yulDetails": {
                "stackAllocation": true
              }
            }
          },
          "outputSelection": {
            "*": {
              "*": [
                "abi",
                "evm.bytecode",
                "evm.deployedBytecode",
                "evm.methodIdentifiers",
                "metadata"
              ],
              "": [
                "ast"
              ]
            }
          }
        }
      },
      "imports": [
        "../upgradables/Proxy.sol"
      ],
      "versionPragmas": [
        "^0.8.0"
      ],
      "artifacts": [
        "TokenLinkerProxy"
      ]
    },
    "/home/runner/work/axelar-gmp-sdk-solidity/axelar-gmp-sdk-solidity/contracts/nft-linker/NftLinkerProxy.sol": {
      "lastModificationDate": 1668532890600,
      "contentHash": "1996078871609f71f6af6c29fcdde69c",
      "sourceName": "contracts/nft-linker/NftLinkerProxy.sol",
      "solcConfig": {
        "version": "0.8.9",
        "settings": {
          "evmVersion": "london",
          "optimizer": {
            "enabled": true,
            "runs": 1000,
            "details": {
              "peephole": true,
              "inliner": true,
              "jumpdestRemover": true,
              "orderLiterals": true,
              "deduplicate": true,
              "cse": true,
              "constantOptimizer": true,
              "yul": true,
              "yulDetails": {
                "stackAllocation": true
              }
            }
          },
          "outputSelection": {
            "*": {
              "*": [
                "abi",
                "evm.bytecode",
                "evm.deployedBytecode",
                "evm.methodIdentifiers",
                "metadata"
              ],
              "": [
                "ast"
              ]
            }
          }
        }
      },
      "imports": [
        "../upgradables/Proxy.sol"
      ],
      "versionPragmas": [
        "^0.8.0"
      ],
      "artifacts": [
        "NftLinkerProxy"
      ]
    },
    "/home/runner/work/axelar-gmp-sdk-solidity/axelar-gmp-sdk-solidity/contracts/test/UtilTest.sol": {
      "lastModificationDate": 1668532890600,
      "contentHash": "30591c81e04621c41e83cc6d8787aa86",
      "sourceName": "contracts/test/UtilTest.sol",
      "solcConfig": {
        "version": "0.8.9",
        "settings": {
          "evmVersion": "london",
          "optimizer": {
            "enabled": true,
            "runs": 1000,
            "details": {
              "peephole": true,
              "inliner": true,
              "jumpdestRemover": true,
              "orderLiterals": true,
              "deduplicate": true,
              "cse": true,
              "constantOptimizer": true,
              "yul": true,
              "yulDetails": {
                "stackAllocation": true
              }
            }
          },
          "outputSelection": {
            "*": {
              "*": [
                "abi",
                "evm.bytecode",
                "evm.deployedBytecode",
                "evm.methodIdentifiers",
                "metadata"
              ],
              "": [
                "ast"
              ]
            }
          }
        }
      },
      "imports": [
        "../StringAddressUtils.sol",
        "../StringBytesUtils.sol"
      ],
      "versionPragmas": [
        "0.8.9"
      ],
      "artifacts": [
        "UtilTest"
      ]
    },
    "/home/runner/work/axelar-gmp-sdk-solidity/axelar-gmp-sdk-solidity/contracts/StringBytesUtils.sol": {
      "lastModificationDate": 1668532890596,
      "contentHash": "a673547035ffd52ce8d8ac8e2002f0fc",
      "sourceName": "contracts/StringBytesUtils.sol",
      "solcConfig": {
        "version": "0.8.9",
        "settings": {
          "evmVersion": "london",
          "optimizer": {
            "enabled": true,
            "runs": 1000,
            "details": {
              "peephole": true,
              "inliner": true,
              "jumpdestRemover": true,
              "orderLiterals": true,
              "deduplicate": true,
              "cse": true,
              "constantOptimizer": true,
              "yul": true,
              "yulDetails": {
                "stackAllocation": true
              }
            }
          },
          "outputSelection": {
            "*": {
              "*": [
                "abi",
                "evm.bytecode",
                "evm.deployedBytecode",
                "evm.methodIdentifiers",
                "metadata"
              ],
              "": [
                "ast"
              ]
            }
          }
        }
      },
      "imports": [],
      "versionPragmas": [
        "^0.8.0"
      ],
      "artifacts": [
        "Bytes32ToString",
        "StringToBytes32"
      ]
    },
    "/home/runner/work/axelar-gmp-sdk-solidity/axelar-gmp-sdk-solidity/contracts/test/gmp/SourceChainSwapCaller.sol": {
      "lastModificationDate": 1668532890600,
      "contentHash": "f5289750eb693173091e1a521ff6f81f",
      "sourceName": "contracts/test/gmp/SourceChainSwapCaller.sol",
      "solcConfig": {
        "version": "0.8.9",
        "settings": {
          "evmVersion": "london",
          "optimizer": {
            "enabled": true,
            "runs": 1000,
            "details": {
              "peephole": true,
              "inliner": true,
              "jumpdestRemover": true,
              "orderLiterals": true,
              "deduplicate": true,
              "cse": true,
              "constantOptimizer": true,
              "yul": true,
              "yulDetails": {
                "stackAllocation": true
              }
            }
          },
          "outputSelection": {
            "*": {
              "*": [
                "abi",
                "evm.bytecode",
                "evm.deployedBytecode",
                "evm.methodIdentifiers",
                "metadata"
              ],
              "": [
                "ast"
              ]
            }
          }
        }
      },
      "imports": [
        "../../interfaces/IAxelarGateway.sol",
        "../../interfaces/IERC20.sol"
      ],
      "versionPragmas": [
        "0.8.9"
      ],
      "artifacts": [
        "SourceChainSwapCaller"
      ]
    },
    "/home/runner/work/axelar-gmp-sdk-solidity/axelar-gmp-sdk-solidity/contracts/test/gmp/DestinationChainSwapForecallable.sol": {
      "lastModificationDate": 1668532890600,
      "contentHash": "2e0da681dda7466f3d13bcce3cf6f1c4",
      "sourceName": "contracts/test/gmp/DestinationChainSwapForecallable.sol",
      "solcConfig": {
        "version": "0.8.9",
        "settings": {
          "evmVersion": "london",
          "optimizer": {
            "enabled": true,
            "runs": 1000,
            "details": {
              "peephole": true,
              "inliner": true,
              "jumpdestRemover": true,
              "orderLiterals": true,
              "deduplicate": true,
              "cse": true,
              "constantOptimizer": true,
              "yul": true,
              "yulDetails": {
                "stackAllocation": true
              }
            }
          },
          "outputSelection": {
            "*": {
              "*": [
                "abi",
                "evm.bytecode",
                "evm.deployedBytecode",
                "evm.methodIdentifiers",
                "metadata"
              ],
              "": [
                "ast"
              ]
            }
          }
        }
      },
      "imports": [
        "../../executables/AxelarForecallable.sol",
        "../../interfaces/IERC20.sol",
        "./DestinationChainTokenSwapper.sol",
        "../../interfaces/IAxelarGateway.sol"
      ],
      "versionPragmas": [
        "0.8.9"
      ],
      "artifacts": [
        "DestinationChainSwapForecallable"
      ]
    },
    "/home/runner/work/axelar-gmp-sdk-solidity/axelar-gmp-sdk-solidity/contracts/executables/AxelarForecallable.sol": {
      "lastModificationDate": 1668532890596,
      "contentHash": "f23ebed80e2d1fe2e407d845390958e6",
      "sourceName": "contracts/executables/AxelarForecallable.sol",
      "solcConfig": {
        "version": "0.8.9",
        "settings": {
          "evmVersion": "london",
          "optimizer": {
            "enabled": true,
            "runs": 1000,
            "details": {
              "peephole": true,
              "inliner": true,
              "jumpdestRemover": true,
              "orderLiterals": true,
              "deduplicate": true,
              "cse": true,
              "constantOptimizer": true,
              "yul": true,
              "yulDetails": {
                "stackAllocation": true
              }
            }
          },
          "outputSelection": {
            "*": {
              "*": [
                "abi",
                "evm.bytecode",
                "evm.deployedBytecode",
                "evm.methodIdentifiers",
                "metadata"
              ],
              "": [
                "ast"
              ]
            }
          }
        }
      },
      "imports": [
        "../interfaces/IAxelarGateway.sol",
        "../interfaces/IERC20.sol",
        "../interfaces/IAxelarForecallable.sol"
      ],
      "versionPragmas": [
        "^0.8.0"
      ],
      "artifacts": [
        "AxelarForecallable"
      ]
    },
    "/home/runner/work/axelar-gmp-sdk-solidity/axelar-gmp-sdk-solidity/contracts/test/gmp/DestinationChainTokenSwapper.sol": {
      "lastModificationDate": 1668532890600,
      "contentHash": "2a0d1dacbf6cd446b2186de5a793b020",
      "sourceName": "contracts/test/gmp/DestinationChainTokenSwapper.sol",
      "solcConfig": {
        "version": "0.8.9",
        "settings": {
          "evmVersion": "london",
          "optimizer": {
            "enabled": true,
            "runs": 1000,
            "details": {
              "peephole": true,
              "inliner": true,
              "jumpdestRemover": true,
              "orderLiterals": true,
              "deduplicate": true,
              "cse": true,
              "constantOptimizer": true,
              "yul": true,
              "yulDetails": {
                "stackAllocation": true
              }
            }
          },
          "outputSelection": {
            "*": {
              "*": [
                "abi",
                "evm.bytecode",
                "evm.deployedBytecode",
                "evm.methodIdentifiers",
                "metadata"
              ],
              "": [
                "ast"
              ]
            }
          }
        }
      },
      "imports": [
        "../../interfaces/IERC20.sol"
      ],
      "versionPragmas": [
        "0.8.9"
      ],
      "artifacts": [
        "DestinationChainTokenSwapper"
      ]
    },
    "/home/runner/work/axelar-gmp-sdk-solidity/axelar-gmp-sdk-solidity/contracts/interfaces/IAxelarForecallable.sol": {
      "lastModificationDate": 1668532890596,
      "contentHash": "23541977f43bfffead3978f71e460120",
      "sourceName": "contracts/interfaces/IAxelarForecallable.sol",
      "solcConfig": {
        "version": "0.8.9",
        "settings": {
          "evmVersion": "london",
          "optimizer": {
            "enabled": true,
            "runs": 1000,
            "details": {
              "peephole": true,
              "inliner": true,
              "jumpdestRemover": true,
              "orderLiterals": true,
              "deduplicate": true,
              "cse": true,
              "constantOptimizer": true,
              "yul": true,
              "yulDetails": {
                "stackAllocation": true
              }
            }
          },
          "outputSelection": {
            "*": {
              "*": [
                "abi",
                "evm.bytecode",
                "evm.deployedBytecode",
                "evm.methodIdentifiers",
                "metadata"
              ],
              "": [
                "ast"
              ]
            }
          }
        }
      },
      "imports": [
        "../interfaces/IAxelarExecutable.sol"
      ],
      "versionPragmas": [
        "^0.8.0"
      ],
      "artifacts": [
        "IAxelarForecallable"
      ]
    },
    "/home/runner/work/axelar-gmp-sdk-solidity/axelar-gmp-sdk-solidity/contracts/test/gmp/DestinationChainSwapExecutable.sol": {
      "lastModificationDate": 1668532890600,
      "contentHash": "257ac98fc87c95d68ae91879f3fc140b",
      "sourceName": "contracts/test/gmp/DestinationChainSwapExecutable.sol",
      "solcConfig": {
        "version": "0.8.9",
        "settings": {
          "evmVersion": "london",
          "optimizer": {
            "enabled": true,
            "runs": 1000,
            "details": {
              "peephole": true,
              "inliner": true,
              "jumpdestRemover": true,
              "orderLiterals": true,
              "deduplicate": true,
              "cse": true,
              "constantOptimizer": true,
              "yul": true,
              "yulDetails": {
                "stackAllocation": true
              }
            }
          },
          "outputSelection": {
            "*": {
              "*": [
                "abi",
                "evm.bytecode",
                "evm.deployedBytecode",
                "evm.methodIdentifiers",
                "metadata"
              ],
              "": [
                "ast"
              ]
            }
          }
        }
      },
      "imports": [
        "../../executables/AxelarExecutable.sol",
        "../../interfaces/IERC20.sol",
        "./DestinationChainTokenSwapper.sol",
        "../../interfaces/IAxelarGateway.sol"
      ],
      "versionPragmas": [
        "0.8.9"
      ],
      "artifacts": [
        "DestinationChainSwapExecutable"
      ]
    },
    "/home/runner/work/axelar-gmp-sdk-solidity/axelar-gmp-sdk-solidity/contracts/test/ERC721MintableBurnable.sol": {
      "lastModificationDate": 1668532890600,
      "contentHash": "19d8b61059fd43bbfa51561a9f39104c",
      "sourceName": "contracts/test/ERC721MintableBurnable.sol",
      "solcConfig": {
        "version": "0.8.9",
        "settings": {
          "evmVersion": "london",
          "optimizer": {
            "enabled": true,
            "runs": 1000,
            "details": {
              "peephole": true,
              "inliner": true,
              "jumpdestRemover": true,
              "orderLiterals": true,
              "deduplicate": true,
              "cse": true,
              "constantOptimizer": true,
              "yul": true,
              "yulDetails": {
                "stackAllocation": true
              }
            }
          },
          "outputSelection": {
            "*": {
              "*": [
                "abi",
                "evm.bytecode",
                "evm.deployedBytecode",
                "evm.methodIdentifiers",
                "metadata"
              ],
              "": [
                "ast"
              ]
            }
          }
        }
      },
      "imports": [
        "@openzeppelin/contracts/token/ERC721/ERC721.sol"
      ],
      "versionPragmas": [
        "0.8.9"
      ],
      "artifacts": [
        "ERC721MintableBurnable"
      ]
    },
    "/home/runner/work/axelar-gmp-sdk-solidity/axelar-gmp-sdk-solidity/node_modules/@openzeppelin/contracts/token/ERC721/ERC721.sol": {
      "lastModificationDate": 1668532919824,
      "contentHash": "79ff1a7eb801a525aa315fb7a679eede",
      "sourceName": "@openzeppelin/contracts/token/ERC721/ERC721.sol",
      "solcConfig": {
        "version": "0.8.9",
        "settings": {
          "evmVersion": "london",
          "optimizer": {
            "enabled": true,
            "runs": 1000,
            "details": {
              "peephole": true,
              "inliner": true,
              "jumpdestRemover": true,
              "orderLiterals": true,
              "deduplicate": true,
              "cse": true,
              "constantOptimizer": true,
              "yul": true,
              "yulDetails": {
                "stackAllocation": true
              }
            }
          },
          "outputSelection": {
            "*": {
              "*": [
                "abi",
                "evm.bytecode",
                "evm.deployedBytecode",
                "evm.methodIdentifiers",
                "metadata"
              ],
              "": [
                "ast"
              ]
            }
          }
        }
      },
      "imports": [
        "./IERC721.sol",
        "./IERC721Receiver.sol",
        "./extensions/IERC721Metadata.sol",
        "../../utils/Address.sol",
        "../../utils/Context.sol",
        "../../utils/Strings.sol",
        "../../utils/introspection/ERC165.sol"
      ],
      "versionPragmas": [
        "^0.8.0"
      ],
      "artifacts": [
        "ERC721"
      ]
    },
    "/home/runner/work/axelar-gmp-sdk-solidity/axelar-gmp-sdk-solidity/node_modules/@openzeppelin/contracts/token/ERC721/IERC721.sol": {
      "lastModificationDate": 1668532920428,
      "contentHash": "ec99d946db3685a3630554aa6055bd7f",
      "sourceName": "@openzeppelin/contracts/token/ERC721/IERC721.sol",
      "solcConfig": {
        "version": "0.8.9",
        "settings": {
          "evmVersion": "london",
          "optimizer": {
            "enabled": true,
            "runs": 1000,
            "details": {
              "peephole": true,
              "inliner": true,
              "jumpdestRemover": true,
              "orderLiterals": true,
              "deduplicate": true,
              "cse": true,
              "constantOptimizer": true,
              "yul": true,
              "yulDetails": {
                "stackAllocation": true
              }
            }
          },
          "outputSelection": {
            "*": {
              "*": [
                "abi",
                "evm.bytecode",
                "evm.deployedBytecode",
                "evm.methodIdentifiers",
                "metadata"
              ],
              "": [
                "ast"
              ]
            }
          }
        }
      },
      "imports": [
        "../../utils/introspection/IERC165.sol"
      ],
      "versionPragmas": [
        "^0.8.0"
      ],
      "artifacts": [
        "IERC721"
      ]
    },
    "/home/runner/work/axelar-gmp-sdk-solidity/axelar-gmp-sdk-solidity/node_modules/@openzeppelin/contracts/token/ERC721/IERC721Receiver.sol": {
      "lastModificationDate": 1668532920456,
      "contentHash": "c22d4395e33763de693fd440c6fd10e1",
      "sourceName": "@openzeppelin/contracts/token/ERC721/IERC721Receiver.sol",
      "solcConfig": {
        "version": "0.8.9",
        "settings": {
          "evmVersion": "london",
          "optimizer": {
            "enabled": true,
            "runs": 1000,
            "details": {
              "peephole": true,
              "inliner": true,
              "jumpdestRemover": true,
              "orderLiterals": true,
              "deduplicate": true,
              "cse": true,
              "constantOptimizer": true,
              "yul": true,
              "yulDetails": {
                "stackAllocation": true
              }
            }
          },
          "outputSelection": {
            "*": {
              "*": [
                "abi",
                "evm.bytecode",
                "evm.deployedBytecode",
                "evm.methodIdentifiers",
                "metadata"
              ],
              "": [
                "ast"
              ]
            }
          }
        }
      },
      "imports": [],
      "versionPragmas": [
        "^0.8.0"
      ],
      "artifacts": [
        "IERC721Receiver"
      ]
    },
    "/home/runner/work/axelar-gmp-sdk-solidity/axelar-gmp-sdk-solidity/node_modules/@openzeppelin/contracts/token/ERC721/extensions/IERC721Metadata.sol": {
      "lastModificationDate": 1668532920440,
      "contentHash": "efbc0d15b80a74e34dbe8da0f3e879bb",
      "sourceName": "@openzeppelin/contracts/token/ERC721/extensions/IERC721Metadata.sol",
      "solcConfig": {
        "version": "0.8.9",
        "settings": {
          "evmVersion": "london",
          "optimizer": {
            "enabled": true,
            "runs": 1000,
            "details": {
              "peephole": true,
              "inliner": true,
              "jumpdestRemover": true,
              "orderLiterals": true,
              "deduplicate": true,
              "cse": true,
              "constantOptimizer": true,
              "yul": true,
              "yulDetails": {
                "stackAllocation": true
              }
            }
          },
          "outputSelection": {
            "*": {
              "*": [
                "abi",
                "evm.bytecode",
                "evm.deployedBytecode",
                "evm.methodIdentifiers",
                "metadata"
              ],
              "": [
                "ast"
              ]
            }
          }
        }
      },
      "imports": [
        "../IERC721.sol"
      ],
      "versionPragmas": [
        "^0.8.0"
      ],
      "artifacts": [
        "IERC721Metadata"
      ]
    },
    "/home/runner/work/axelar-gmp-sdk-solidity/axelar-gmp-sdk-solidity/node_modules/@openzeppelin/contracts/utils/Address.sol": {
      "lastModificationDate": 1668532918956,
      "contentHash": "c476b3895a94798b88a4bb97399e6dfe",
      "sourceName": "@openzeppelin/contracts/utils/Address.sol",
      "solcConfig": {
        "version": "0.8.9",
        "settings": {
          "evmVersion": "london",
          "optimizer": {
            "enabled": true,
            "runs": 1000,
            "details": {
              "peephole": true,
              "inliner": true,
              "jumpdestRemover": true,
              "orderLiterals": true,
              "deduplicate": true,
              "cse": true,
              "constantOptimizer": true,
              "yul": true,
              "yulDetails": {
                "stackAllocation": true
              }
            }
          },
          "outputSelection": {
            "*": {
              "*": [
                "abi",
                "evm.bytecode",
                "evm.deployedBytecode",
                "evm.methodIdentifiers",
                "metadata"
              ],
              "": [
                "ast"
              ]
            }
          }
        }
      },
      "imports": [],
      "versionPragmas": [
        "^0.8.1"
      ],
      "artifacts": [
        "Address"
      ]
    },
    "/home/runner/work/axelar-gmp-sdk-solidity/axelar-gmp-sdk-solidity/node_modules/@openzeppelin/contracts/utils/Context.sol": {
      "lastModificationDate": 1668532919196,
      "contentHash": "5f2c5c4b6af2dd4551027144797bc8be",
      "sourceName": "@openzeppelin/contracts/utils/Context.sol",
      "solcConfig": {
        "version": "0.8.9",
        "settings": {
          "evmVersion": "london",
          "optimizer": {
            "enabled": true,
            "runs": 1000,
            "details": {
              "peephole": true,
              "inliner": true,
              "jumpdestRemover": true,
              "orderLiterals": true,
              "deduplicate": true,
              "cse": true,
              "constantOptimizer": true,
              "yul": true,
              "yulDetails": {
                "stackAllocation": true
              }
            }
          },
          "outputSelection": {
            "*": {
              "*": [
                "abi",
                "evm.bytecode",
                "evm.deployedBytecode",
                "evm.methodIdentifiers",
                "metadata"
              ],
              "": [
                "ast"
              ]
            }
          }
        }
      },
      "imports": [],
      "versionPragmas": [
        "^0.8.0"
      ],
      "artifacts": [
        "Context"
      ]
    },
    "/home/runner/work/axelar-gmp-sdk-solidity/axelar-gmp-sdk-solidity/node_modules/@openzeppelin/contracts/utils/Strings.sol": {
      "lastModificationDate": 1668532920896,
      "contentHash": "cf46906c4035f51639a22265066a9e78",
      "sourceName": "@openzeppelin/contracts/utils/Strings.sol",
      "solcConfig": {
        "version": "0.8.9",
        "settings": {
          "evmVersion": "london",
          "optimizer": {
            "enabled": true,
            "runs": 1000,
            "details": {
              "peephole": true,
              "inliner": true,
              "jumpdestRemover": true,
              "orderLiterals": true,
              "deduplicate": true,
              "cse": true,
              "constantOptimizer": true,
              "yul": true,
              "yulDetails": {
                "stackAllocation": true
              }
            }
          },
          "outputSelection": {
            "*": {
              "*": [
                "abi",
                "evm.bytecode",
                "evm.deployedBytecode",
                "evm.methodIdentifiers",
                "metadata"
              ],
              "": [
                "ast"
              ]
            }
          }
        }
      },
      "imports": [],
      "versionPragmas": [
        "^0.8.0"
      ],
      "artifacts": [
        "Strings"
      ]
    },
    "/home/runner/work/axelar-gmp-sdk-solidity/axelar-gmp-sdk-solidity/node_modules/@openzeppelin/contracts/utils/introspection/ERC165.sol": {
      "lastModificationDate": 1668532919604,
      "contentHash": "0e7db055ce108f9da7bb6686a00287c0",
      "sourceName": "@openzeppelin/contracts/utils/introspection/ERC165.sol",
      "solcConfig": {
        "version": "0.8.9",
        "settings": {
          "evmVersion": "london",
          "optimizer": {
            "enabled": true,
            "runs": 1000,
            "details": {
              "peephole": true,
              "inliner": true,
              "jumpdestRemover": true,
              "orderLiterals": true,
              "deduplicate": true,
              "cse": true,
              "constantOptimizer": true,
              "yul": true,
              "yulDetails": {
                "stackAllocation": true
              }
            }
          },
          "outputSelection": {
            "*": {
              "*": [
                "abi",
                "evm.bytecode",
                "evm.deployedBytecode",
                "evm.methodIdentifiers",
                "metadata"
              ],
              "": [
                "ast"
              ]
            }
          }
        }
      },
      "imports": [
        "./IERC165.sol"
      ],
      "versionPragmas": [
        "^0.8.0"
      ],
      "artifacts": [
        "ERC165"
      ]
    },
    "/home/runner/work/axelar-gmp-sdk-solidity/axelar-gmp-sdk-solidity/node_modules/@openzeppelin/contracts/utils/introspection/IERC165.sol": {
      "lastModificationDate": 1668532920364,
      "contentHash": "03e6768535ac4da0e9756f1d8a4a018a",
      "sourceName": "@openzeppelin/contracts/utils/introspection/IERC165.sol",
      "solcConfig": {
        "version": "0.8.9",
        "settings": {
          "evmVersion": "london",
          "optimizer": {
            "enabled": true,
            "runs": 1000,
            "details": {
              "peephole": true,
              "inliner": true,
              "jumpdestRemover": true,
              "orderLiterals": true,
              "deduplicate": true,
              "cse": true,
              "constantOptimizer": true,
              "yul": true,
              "yulDetails": {
                "stackAllocation": true
              }
            }
          },
          "outputSelection": {
            "*": {
              "*": [
                "abi",
                "evm.bytecode",
                "evm.deployedBytecode",
                "evm.methodIdentifiers",
                "metadata"
              ],
              "": [
                "ast"
              ]
            }
          }
        }
      },
      "imports": [],
      "versionPragmas": [
        "^0.8.0"
      ],
      "artifacts": [
        "IERC165"
      ]
    }
  }
}
