[
  {
    "name": "Ethereum",
    "id": "Ethereum",
    "chainId": 1,
    "rpc": "https://mainnet.infura.io/v3/a4812158fbab4a2aaa849e6f4a6dc605",
    "gateway": "0x4F4495243837681061C4743b74B3eEdf548D56A5",
    "constAddressDeployer": "0x98b2920d53612483f91f12ed7754e51b4a77919e",
    "tokenName": "Ether",
    "tokenSymbol": "ETH",
    "wrappedSymbol": "WETH",
    "gasReceiver": "0x2d5d7d31F671F86C782533cc367F14109a082712",
    "AxelarGateway": {
      "address": "0x4F4495243837681061C4743b74B3eEdf548D56A5"
    },
    "AxelarGasService": {
      "salt": "AxelarGasService",
      "address": "0x2d5d7d31F671F86C782533cc367F14109a082712",
      "implementation": "0xE622B1D44F5061DB10ABa2594F1A8eb2DC1fC1d4",
      "deployer": "0x6f24A47Fc8AE5441Eb47EFfC3665e70e69Ac3F05",
      "collector": "0x345662ABfE0E257E23552A434D02Ef274cCb6A90"
    },
    "AxelarDepositService": {
      "salt": "AxelarDepositService",
      "wrappedSymbol": "WETH",
      "refundIssuer": "0x4f671f34d2d23fec3eE3087E3A0221f8D314D9dF",
      "address": "0xc1DCb196BA862B337Aa23eDA1Cb9503C0801b955",
      "implementation": "0xd883C8bA523253c93d97b6C7a5087a7B5ff23d79",
      "deployer": "0xd55cd98cdE61c3CcE1286F9aF50cDbF16f5dba5b"
    },
    "explorer": {
      "url": "https://etherscan.io",
      "api": "https://api.etherscan.io/api"
    }
  },
  {
    "name": "Avalanche",
    "id": "Avalanche",
    "chainId": 43114,
    "rpc": "https://api.avax.network/ext/bc/C/rpc",
    "gateway": "0x5029C0EFf6C34351a0CEc334542cDb22c7928f78",
    "constAddressDeployer": "0x98b2920d53612483f91f12ed7754e51b4a77919e",
    "tokenName": "Avax",
    "tokenSymbol": "AVAX",
    "wrappedSymbol": "WAVAX",
    "gasReceiver": "0x2d5d7d31F671F86C782533cc367F14109a082712",
    "AxelarGateway": {
      "address": "0x5029C0EFf6C34351a0CEc334542cDb22c7928f78"
    },
    "AxelarGasService": {
      "salt": "AxelarGasService",
      "address": "0x2d5d7d31F671F86C782533cc367F14109a082712",
      "implementation": "0xE622B1D44F5061DB10ABa2594F1A8eb2DC1fC1d4",
      "deployer": "0x6f24A47Fc8AE5441Eb47EFfC3665e70e69Ac3F05",
      "collector": "0x345662ABfE0E257E23552A434D02Ef274cCb6A90"
    },
    "AxelarDepositService": {
      "salt": "AxelarDepositService",
      "wrappedSymbol": "WAVAX",
      "refundIssuer": "0x4f671f34d2d23fec3eE3087E3A0221f8D314D9dF",
      "address": "0xc1DCb196BA862B337Aa23eDA1Cb9503C0801b955",
      "implementation": "0xd883C8bA523253c93d97b6C7a5087a7B5ff23d79",
      "deployer": "0xd55cd98cdE61c3CcE1286F9aF50cDbF16f5dba5b"
    },
    "explorer": {
      "url": "https://snowtrace.io",
      "api": "https://api.snowtrace.io/api"
    }
  },
  {
    "name": "Fantom",
    "id": "Fantom",
    "chainId": 250,
    "gateway": "0x304acf330bbE08d1e512eefaa92F6a57871fD895",
    "rpc": "https://fantom-mainnet.public.blastapi.io",
    "constAddressDeployer": "0x98b2920d53612483f91f12ed7754e51b4a77919e",
    "tokenName": "Fantom",
    "tokenSymbol": "FTM",
    "wrappedSymbol": "WFTM",
    "gasReceiver": "0x2d5d7d31F671F86C782533cc367F14109a082712",
    "AxelarGateway": {
      "address": "0x304acf330bbE08d1e512eefaa92F6a57871fD895"
    },
    "AxelarGasService": {
      "salt": "AxelarGasService",
      "address": "0x2d5d7d31F671F86C782533cc367F14109a082712",
      "implementation": "0xE622B1D44F5061DB10ABa2594F1A8eb2DC1fC1d4",
      "deployer": "0x6f24A47Fc8AE5441Eb47EFfC3665e70e69Ac3F05",
      "collector": "0x345662ABfE0E257E23552A434D02Ef274cCb6A90"
    },
    "AxelarDepositService": {
      "salt": "AxelarDepositService",
      "wrappedSymbol": "WFTM",
      "refundIssuer": "0x4f671f34d2d23fec3eE3087E3A0221f8D314D9dF",
      "address": "0xc1DCb196BA862B337Aa23eDA1Cb9503C0801b955",
      "implementation": "0xd883C8bA523253c93d97b6C7a5087a7B5ff23d79",
      "deployer": "0xd55cd98cdE61c3CcE1286F9aF50cDbF16f5dba5b"
    },
    "explorer": {
      "url": "https://ftmscan.com",
      "api": "https://api.ftmscan.com/api"
    }
  },
  {
    "name": "Polygon",
    "id": "Polygon",
    "chainId": 137,
    "gateway": "0x6f015F16De9fC8791b234eF68D486d2bF203FBA8",
    "rpc": "https://matic-mainnet.chainstacklabs.com",
    "constAddressDeployer": "0x98b2920d53612483f91f12ed7754e51b4a77919e",
    "tokenName": "Matic",
    "tokenSymbol": "MATIC",
    "wrappedSymbol": "WMATIC",
    "gasReceiver": "0x2d5d7d31F671F86C782533cc367F14109a082712",
    "AxelarGateway": {
      "address": "0x6f015F16De9fC8791b234eF68D486d2bF203FBA8"
    },
    "AxelarGasService": {
      "salt": "AxelarGasService",
      "address": "0x2d5d7d31F671F86C782533cc367F14109a082712",
      "implementation": "0xE622B1D44F5061DB10ABa2594F1A8eb2DC1fC1d4",
      "deployer": "0x6f24A47Fc8AE5441Eb47EFfC3665e70e69Ac3F05",
      "collector": "0x345662ABfE0E257E23552A434D02Ef274cCb6A90"
    },
    "AxelarDepositService": {
      "salt": "AxelarDepositService",
      "wrappedSymbol": "WMATIC",
      "refundIssuer": "0x4f671f34d2d23fec3eE3087E3A0221f8D314D9dF",
      "address": "0xc1DCb196BA862B337Aa23eDA1Cb9503C0801b955",
      "implementation": "0xd883C8bA523253c93d97b6C7a5087a7B5ff23d79",
      "deployer": "0xd55cd98cdE61c3CcE1286F9aF50cDbF16f5dba5b"
    },
    "explorer": {
      "url": "https://polygonscan.com",
      "api": "https://api.polygonscan.com/api"
    },
    "gasOptions": {
      "gasLimit": 6000000
    }
  },
  {
    "name": "Moonbeam",
    "id": "Moonbeam",
    "chainId": 1284,
    "gateway": "0x4F4495243837681061C4743b74B3eEdf548D56A5",
    "rpc": "https://rpc.api.moonbeam.network",
    "constAddressDeployer": "0x98b2920d53612483f91f12ed7754e51b4a77919e",
    "tokenName": "Glimmer",
    "tokenSymbol": "GLMR",
    "wrappedSymbol": "WGLMR",
    "gasReceiver": "0x2d5d7d31F671F86C782533cc367F14109a082712",
    "AxelarGateway": {
      "address": "0x4F4495243837681061C4743b74B3eEdf548D56A5"
    },
    "AxelarGasService": {
      "salt": "AxelarGasService",
      "address": "0x2d5d7d31F671F86C782533cc367F14109a082712",
      "implementation": "0xE622B1D44F5061DB10ABa2594F1A8eb2DC1fC1d4",
      "deployer": "0x6f24A47Fc8AE5441Eb47EFfC3665e70e69Ac3F05",
      "collector": "0x345662ABfE0E257E23552A434D02Ef274cCb6A90"
    },
    "AxelarDepositService": {
      "salt": "AxelarDepositService",
      "wrappedSymbol": "WGLMR",
      "refundIssuer": "0x4f671f34d2d23fec3eE3087E3A0221f8D314D9dF",
      "address": "0xc1DCb196BA862B337Aa23eDA1Cb9503C0801b955",
      "implementation": "0xd883C8bA523253c93d97b6C7a5087a7B5ff23d79",
      "deployer": "0xd55cd98cdE61c3CcE1286F9aF50cDbF16f5dba5b"
    },
    "explorer": {
      "url": "https://moonbeam.moonscan.io",
      "api": "https://api-moonbeam.moonscan.io/api"
    }
  },
  {
    "name": "Binance",
    "id": "binance",
    "chainId": 56,
    "gateway": "0x304acf330bbE08d1e512eefaa92F6a57871fD895",
    "rpc": "https://bsc-dataseed4.binance.org",
    "constAddressDeployer": "0x98b2920d53612483f91f12ed7754e51b4a77919e",
    "tokenName": "Binance Coin",
    "tokenSymbol": "BNB",
    "wrappedSymbol": "WBNB",
    "gasReceiver": "0x2d5d7d31F671F86C782533cc367F14109a082712",
    "AxelarGateway": {
      "address": "0x304acf330bbE08d1e512eefaa92F6a57871fD895"
    },
    "AxelarGasService": {
      "salt": "AxelarGasService",
      "address": "0x2d5d7d31F671F86C782533cc367F14109a082712",
      "implementation": "0xE622B1D44F5061DB10ABa2594F1A8eb2DC1fC1d4",
      "deployer": "0x6f24A47Fc8AE5441Eb47EFfC3665e70e69Ac3F05",
      "collector": "0x345662ABfE0E257E23552A434D02Ef274cCb6A90"
    },
    "AxelarDepositService": {
      "salt": "AxelarDepositService",
      "wrappedSymbol": "WBNB",
      "refundIssuer": "0x4f671f34d2d23fec3eE3087E3A0221f8D314D9dF",
      "address": "0xc1DCb196BA862B337Aa23eDA1Cb9503C0801b955",
      "implementation": "0xd883C8bA523253c93d97b6C7a5087a7B5ff23d79",
      "deployer": "0xd55cd98cdE61c3CcE1286F9aF50cDbF16f5dba5b"
    },
    "explorer": {
      "url": "https://bscscan.com",
      "api": "https://api.bscscan.com/api"
    }
  },
  {
    "name": "Aurora",
    "id": "aurora",
    "chainId": 1313161554,
    "gateway": "0x304acf330bbE08d1e512eefaa92F6a57871fD895",
    "rpc": "https://mainnet.aurora.dev/",
    "constAddressDeployer": "0x98b2920d53612483f91f12ed7754e51b4a77919e",
    "tokenName": "Eth",
    "tokenSymbol": "ETH",
    "wrappedSymbol": "WETH",
    "gasReceiver": "0x2d5d7d31F671F86C782533cc367F14109a082712",
    "AxelarGateway": {
      "address": "0x304acf330bbE08d1e512eefaa92F6a57871fD895"
    },
    "AxelarGasService": {
      "salt": "AxelarGasService",
      "address": "0x2d5d7d31F671F86C782533cc367F14109a082712",
      "implementation": "0xE622B1D44F5061DB10ABa2594F1A8eb2DC1fC1d4",
      "deployer": "0x6f24A47Fc8AE5441Eb47EFfC3665e70e69Ac3F05",
      "collector": "0x345662ABfE0E257E23552A434D02Ef274cCb6A90"
    },
    "AxelarDepositService": {
      "salt": "AxelarDepositService",
      "wrappedSymbol": "",
      "refundIssuer": "0x4f671f34d2d23fec3eE3087E3A0221f8D314D9dF",
      "address": "0xc1DCb196BA862B337Aa23eDA1Cb9503C0801b955",
      "implementation": "0xd883C8bA523253c93d97b6C7a5087a7B5ff23d79",
      "deployer": "0xd55cd98cdE61c3CcE1286F9aF50cDbF16f5dba5b"
    },
    "explorer": {
      "url": "https://aurorascan.dev",
      "api": "https://api.aurorascan.dev/api"
    }
  },
  {
    "name": "Arbitrum",
    "id": "arbitrum",
    "chainId": 42161,
    "gateway": "0xe432150cce91c13a887f7D836923d5597adD8E31",
    "rpc": "https://arb1.arbitrum.io/rpc",
    "constAddressDeployer": "0x98b2920d53612483f91f12ed7754e51b4a77919e",
    "tokenName": "Eth",
    "tokenSymbol": "ETH",
    "gasReceiver": "0x2d5d7d31F671F86C782533cc367F14109a082712",
    "AxelarGateway": {
      "address": "0xe432150cce91c13a887f7D836923d5597adD8E31"
    },
    "AxelarGasService": {
      "salt": "AxelarGasService",
      "collector": "0x345662ABfE0E257E23552A434D02Ef274cCb6A90",
      "address": "0x2d5d7d31F671F86C782533cc367F14109a082712",
      "implementation": "0xfEF5c90d84a1C93804496f5e7fbf98ec0C85243C",
      "deployer": "0x6f24A47Fc8AE5441Eb47EFfC3665e70e69Ac3F05"
    },
    "AxelarDepositService": {
      "salt": "AxelarDepositService",
      "wrappedSymbol": "",
      "refundIssuer": "0x4f671f34d2d23fec3eE3087E3A0221f8D314D9dF",
      "address": "0xc1DCb196BA862B337Aa23eDA1Cb9503C0801b955",
      "implementation": "0xBeE52844E35985c1B6729A6B88980209358F9979",
      "deployer": "0xd55cd98cdE61c3CcE1286F9aF50cDbF16f5dba5b"
    },
    "explorer": {
      "url": "https://arbiscan.io",
      "api": "https://api.arbiscan.io/api"
    },
    "gasOptions": {
      "gasLimit": 20000000
    }
  },
  {
    "name": "Celo",
    "id": "celo",
    "chainId": 42220,
    "gateway": "0xe432150cce91c13a887f7D836923d5597adD8E31",
    "rpc": "https://forno.celo.org",
    "constAddressDeployer": "0x98b2920d53612483f91f12ed7754e51b4a77919e",
    "tokenName": "Celo",
    "tokenSymbol": "CELO",
    "gasReceiver": "0x2d5d7d31F671F86C782533cc367F14109a082712",
    "AxelarGateway": {
      "address": "0xe432150cce91c13a887f7D836923d5597adD8E31"
    },
    "AxelarGasService": {
      "salt": "AxelarGasService",
      "collector": "0x345662ABfE0E257E23552A434D02Ef274cCb6A90",
      "address": "0x2d5d7d31F671F86C782533cc367F14109a082712",
      "implementation": "0xfEF5c90d84a1C93804496f5e7fbf98ec0C85243C",
      "deployer": "0x6f24A47Fc8AE5441Eb47EFfC3665e70e69Ac3F05"
    },
    "AxelarDepositService": {
      "salt": "AxelarDepositService",
      "wrappedSymbol": "",
      "refundIssuer": "0x4f671f34d2d23fec3eE3087E3A0221f8D314D9dF",
      "address": "0xc1DCb196BA862B337Aa23eDA1Cb9503C0801b955",
      "implementation": "0xb6241272C569767072e0587098415DF6BA0aaEe9",
      "deployer": "0xd55cd98cdE61c3CcE1286F9aF50cDbF16f5dba5b"
    },
    "explorer": {
      "url": "https://celoscan.io",
      "api": "https://api.celoscan.io/api"
    }
  },
  {
    "name": "Kava",
    "id": "kava",
    "chainId": 2222,
    "gateway": "0xe432150cce91c13a887f7D836923d5597adD8E31",
    "rpc": "https://evm.kava.io",
    "constAddressDeployer": "0x98b2920d53612483f91f12ed7754e51b4a77919e",
    "tokenName": "Kava",
    "tokenSymbol": "KAVA",
    "gasReceiver": "0x2d5d7d31F671F86C782533cc367F14109a082712",
    "AxelarGateway": {
      "address": "0xe432150cce91c13a887f7D836923d5597adD8E31"
    },
    "AxelarGasService": {
      "salt": "AxelarGasService",
      "collector": "0x345662ABfE0E257E23552A434D02Ef274cCb6A90",
      "address": "0x2d5d7d31F671F86C782533cc367F14109a082712",
      "implementation": "0xfEF5c90d84a1C93804496f5e7fbf98ec0C85243C",
      "deployer": "0x6f24A47Fc8AE5441Eb47EFfC3665e70e69Ac3F05"
    },
    "AxelarDepositService": {
      "salt": "AxelarDepositService",
      "wrappedSymbol": "",
      "refundIssuer": "0x4f671f34d2d23fec3eE3087E3A0221f8D314D9dF",
      "address": "0xc1DCb196BA862B337Aa23eDA1Cb9503C0801b955",
      "implementation": "0xd883C8bA523253c93d97b6C7a5087a7B5ff23d79",
      "deployer": "0xd55cd98cdE61c3CcE1286F9aF50cDbF16f5dba5b"
    },
    "explorer": {
      "url": "https://explorer.kava.io",
      "api": "https://explorer.kava.io/api"
    }
  },
  {
    "name": "Filecoin",
    "id": "filecoin",
    "chainId": 314,
    "gateway": "0xe432150cce91c13a887f7D836923d5597adD8E31",
    "rpc": "https://rpc.ankr.com/filecoin",
    "constAddressDeployer": "0x98b2920d53612483f91f12ed7754e51b4a77919e",
    "tokenName": "Filecoin",
    "tokenSymbol": "FIL",
    "gasReceiver": "0x2d5d7d31F671F86C782533cc367F14109a082712",
    "AxelarGateway": {
      "address": "0xe432150cce91c13a887f7D836923d5597adD8E31",
      "implementation": "0x05823c334150a48ACD5D325fBA16147c21bA3653",
      "authModule": "0x1a920B29eBD437074225cAeE44f78FC700B27a5d",
      "tokenDeployer": "0x8A156bCA562FB75385c4d41ea6903E270A34B727",
      "deployer": "0xB8Cd93C83A974649D76B1c19f311f639e62272BC"
    },
    "AxelarGasService": {
      "salt": "AxelarGasService",
      "collector": "0x345662ABfE0E257E23552A434D02Ef274cCb6A90",
      "address": "0x2d5d7d31F671F86C782533cc367F14109a082712",
      "implementation": "0xfEF5c90d84a1C93804496f5e7fbf98ec0C85243C",
      "deployer": "0x6f24A47Fc8AE5441Eb47EFfC3665e70e69Ac3F05"
    },
    "AxelarDepositService": {
      "salt": "AxelarDepositService",
      "wrappedSymbol": "WFIL",
      "refundIssuer": "0x4f671f34d2d23fec3eE3087E3A0221f8D314D9dF",
      "address": "0xc1DCb196BA862B337Aa23eDA1Cb9503C0801b955",
      "implementation": "0xd883C8bA523253c93d97b6C7a5087a7B5ff23d79",
      "deployer": "0xd55cd98cdE61c3CcE1286F9aF50cDbF16f5dba5b"
    },
    "explorer": {
      "url": "https://www.filfox.info"
    },
    "gasOptions": {
      "gasLimit": 500000000
    }
  },
  {
    "name": "Optimism",
    "id": "optimism",
    "chainId": 10,
    "gateway": "0xe432150cce91c13a887f7D836923d5597adD8E31",
    "rpc": "https://optimism-mainnet.public.blastapi.io",
    "constAddressDeployer": "0x98b2920d53612483f91f12ed7754e51b4a77919e",
    "tokenName": "Eth",
    "tokenSymbol": "ETH",
    "gasReceiver": "0x2d5d7d31F671F86C782533cc367F14109a082712",
    "AxelarGateway": {
      "address": "0xe432150cce91c13a887f7D836923d5597adD8E31",
      "implementation": "0x05823c334150a48ACD5D325fBA16147c21bA3653",
      "authModule": "0x1a920B29eBD437074225cAeE44f78FC700B27a5d",
      "tokenDeployer": "0x8A156bCA562FB75385c4d41ea6903E270A34B727",
      "deployer": "0xB8Cd93C83A974649D76B1c19f311f639e62272BC"
    },
    "AxelarGasService": {
      "salt": "AxelarGasService",
      "collector": "0x345662ABfE0E257E23552A434D02Ef274cCb6A90",
      "address": "0x2d5d7d31F671F86C782533cc367F14109a082712",
      "implementation": "0xfEF5c90d84a1C93804496f5e7fbf98ec0C85243C",
      "deployer": "0x6f24A47Fc8AE5441Eb47EFfC3665e70e69Ac3F05"
    },
    "AxelarDepositService": {
      "salt": "AxelarDepositService",
      "wrappedSymbol": "",
      "refundIssuer": "0x4f671f34d2d23fec3eE3087E3A0221f8D314D9dF",
      "address": "0xc1DCb196BA862B337Aa23eDA1Cb9503C0801b955",
      "implementation": "0xd883C8bA523253c93d97b6C7a5087a7B5ff23d79",
      "deployer": "0xd55cd98cdE61c3CcE1286F9aF50cDbF16f5dba5b"
    },
    "explorer": {
      "url": "https://optimistic.etherscan.io",
      "api": "https://api-optimistic.etherscan.io/api"
    },
    "gasOptions": {
      "gasLimit": 5000000
    },
    "confirmations": 3
  }
]
