[
  {
    "name": "Ethereum",
    "chainId": 1,
    "rpc": "https://mainnet.infura.io/v3/a4812158fbab4a2aaa849e6f4a6dc605",
    "gateway": "0x4F4495243837681061C4743b74B3eEdf548D56A5",
    "constAddressDeployer": "0x98b2920d53612483f91f12ed7754e51b4a77919e",
    "tokenName": "Ether",
    "tokenSymbol": "ETH",
    "wrappedSymbol": "WETH",
    "gasReceiver": "0x2d5d7d31F671F86C782533cc367F14109a082712",
    "AxelarGasService": {
      "salt": "AxelarGasService",
      "address": "0x2d5d7d31F671F86C782533cc367F14109a082712",
      "implementation": "0xE622B1D44F5061DB10ABa2594F1A8eb2DC1fC1d4",
      "deployer": "0x6f24A47Fc8AE5441Eb47EFfC3665e70e69Ac3F05",
      "collector": "0x345662ABfE0E257E23552A434D02Ef274cCb6A90"
    },
    "AxelarDepositService": {
      "salt": "AxelarDepositService",
      "wrappedSymbol": "WETH",
      "refundIssuer": "0x4f671f34d2d23fec3eE3087E3A0221f8D314D9dF",
      "address": "0xc1DCb196BA862B337Aa23eDA1Cb9503C0801b955",
      "implementation": "0xd883C8bA523253c93d97b6C7a5087a7B5ff23d79",
      "deployer": "0xd55cd98cdE61c3CcE1286F9aF50cDbF16f5dba5b"
    }
  },
  {
    "name": "Avalanche",
    "chainId": 43114,
    "rpc": "https://api.avax.network/ext/bc/C/rpc",
    "gateway": "0x5029C0EFf6C34351a0CEc334542cDb22c7928f78",
    "constAddressDeployer": "0x98b2920d53612483f91f12ed7754e51b4a77919e",
    "tokenName": "Avax",
    "tokenSymbol": "AVAX",
    "wrappedSymbol": "WAVAX",
    "gasReceiver": "0x2d5d7d31F671F86C782533cc367F14109a082712",
    "AxelarGasService": {
      "salt": "AxelarGasService",
      "address": "0x2d5d7d31F671F86C782533cc367F14109a082712",
      "implementation": "0xE622B1D44F5061DB10ABa2594F1A8eb2DC1fC1d4",
      "deployer": "0x6f24A47Fc8AE5441Eb47EFfC3665e70e69Ac3F05",
      "collector": "0x345662ABfE0E257E23552A434D02Ef274cCb6A90"
    },
    "AxelarDepositService": {
      "salt": "AxelarDepositService",
      "wrappedSymbol": "WAVAX",
      "refundIssuer": "0x4f671f34d2d23fec3eE3087E3A0221f8D314D9dF",
      "address": "0xc1DCb196BA862B337Aa23eDA1Cb9503C0801b955",
      "implementation": "0xd883C8bA523253c93d97b6C7a5087a7B5ff23d79",
      "deployer": "0xd55cd98cdE61c3CcE1286F9aF50cDbF16f5dba5b"
    }
  },
  {
    "name": "Fantom",
    "chainId": 250,
    "gateway": "0x304acf330bbE08d1e512eefaa92F6a57871fD895",
    "rpc": "https://fantom-mainnet.public.blastapi.io",
    "constAddressDeployer": "0x98b2920d53612483f91f12ed7754e51b4a77919e",
    "tokenName": "Fantom",
    "tokenSymbol": "FTM",
    "wrappedSymbol": "WFTM",
    "gasReceiver": "0x2d5d7d31F671F86C782533cc367F14109a082712",
    "AxelarGasService": {
      "salt": "AxelarGasService",
      "address": "0x2d5d7d31F671F86C782533cc367F14109a082712",
      "implementation": "0xE622B1D44F5061DB10ABa2594F1A8eb2DC1fC1d4",
      "deployer": "0x6f24A47Fc8AE5441Eb47EFfC3665e70e69Ac3F05",
      "collector": "0x345662ABfE0E257E23552A434D02Ef274cCb6A90"
    },
    "AxelarDepositService": {
      "salt": "AxelarDepositService",
      "wrappedSymbol": "WFTM",
      "refundIssuer": "0x4f671f34d2d23fec3eE3087E3A0221f8D314D9dF",
      "address": "0xc1DCb196BA862B337Aa23eDA1Cb9503C0801b955",
      "implementation": "0xd883C8bA523253c93d97b6C7a5087a7B5ff23d79",
      "deployer": "0xd55cd98cdE61c3CcE1286F9aF50cDbF16f5dba5b"
    }
  },
  {
    "name": "Polygon",
    "chainId": 137,
    "gateway": "0x6f015F16De9fC8791b234eF68D486d2bF203FBA8",
    "rpc": "https://matic-mainnet.chainstacklabs.com",
    "constAddressDeployer": "0x98b2920d53612483f91f12ed7754e51b4a77919e",
    "tokenName": "Matic",
    "tokenSymbol": "MATIC",
    "wrappedSymbol": "WMATIC",
    "gasReceiver": "0x2d5d7d31F671F86C782533cc367F14109a082712",
    "AxelarGasService": {
      "salt": "AxelarGasService",
      "address": "0x2d5d7d31F671F86C782533cc367F14109a082712",
      "implementation": "0xE622B1D44F5061DB10ABa2594F1A8eb2DC1fC1d4",
      "deployer": "0x6f24A47Fc8AE5441Eb47EFfC3665e70e69Ac3F05",
      "collector": "0x345662ABfE0E257E23552A434D02Ef274cCb6A90"
    },
    "AxelarDepositService": {
      "salt": "AxelarDepositService",
      "wrappedSymbol": "WMATIC",
      "refundIssuer": "0x4f671f34d2d23fec3eE3087E3A0221f8D314D9dF",
      "address": "0xc1DCb196BA862B337Aa23eDA1Cb9503C0801b955",
      "implementation": "0xd883C8bA523253c93d97b6C7a5087a7B5ff23d79",
      "deployer": "0xd55cd98cdE61c3CcE1286F9aF50cDbF16f5dba5b"
    },
    "gasOptions": {
      "gasLimit": 6e6
    }
  },
  {
    "name": "Moonbeam",
    "chainId": 1284,
    "gateway": "0x4F4495243837681061C4743b74B3eEdf548D56A5",
    "rpc": "https://rpc.api.moonbeam.network",
    "constAddressDeployer": "0x98b2920d53612483f91f12ed7754e51b4a77919e",
    "tokenName": "Glimmer",
    "tokenSymbol": "GLMR",
    "wrappedSymbol": "WGLMR",
    "gasReceiver": "0x2d5d7d31F671F86C782533cc367F14109a082712",
    "AxelarGasService": {
      "salt": "AxelarGasService",
      "address": "0x2d5d7d31F671F86C782533cc367F14109a082712",
      "implementation": "0xE622B1D44F5061DB10ABa2594F1A8eb2DC1fC1d4",
      "deployer": "0x6f24A47Fc8AE5441Eb47EFfC3665e70e69Ac3F05",
      "collector": "0x345662ABfE0E257E23552A434D02Ef274cCb6A90"
    },
    "AxelarDepositService": {
      "salt": "AxelarDepositService",
      "wrappedSymbol": "WGLMR",
      "refundIssuer": "0x4f671f34d2d23fec3eE3087E3A0221f8D314D9dF",
      "address": "0xc1DCb196BA862B337Aa23eDA1Cb9503C0801b955",
      "implementation": "0xd883C8bA523253c93d97b6C7a5087a7B5ff23d79",
      "deployer": "0xd55cd98cdE61c3CcE1286F9aF50cDbF16f5dba5b"
    }
  },
  {
    "name": "Binance",
    "chainId": 56,
    "gateway": "0x304acf330bbE08d1e512eefaa92F6a57871fD895",
    "rpc": "https://bsc-dataseed4.binance.org",
    "constAddressDeployer": "0x98b2920d53612483f91f12ed7754e51b4a77919e",
    "tokenName": "Binance Coin",
    "tokenSymbol": "BNB",
    "wrappedSymbol": "WBNB",
    "gasReceiver": "0x2d5d7d31F671F86C782533cc367F14109a082712",
    "AxelarGasService": {
      "salt": "AxelarGasService",
      "address": "0x2d5d7d31F671F86C782533cc367F14109a082712",
      "implementation": "0xE622B1D44F5061DB10ABa2594F1A8eb2DC1fC1d4",
      "deployer": "0x6f24A47Fc8AE5441Eb47EFfC3665e70e69Ac3F05",
      "collector": "0x345662ABfE0E257E23552A434D02Ef274cCb6A90"
    },
    "AxelarDepositService": {
      "salt": "AxelarDepositService",
      "wrappedSymbol": "WBNB",
      "refundIssuer": "0x4f671f34d2d23fec3eE3087E3A0221f8D314D9dF",
      "address": "0xc1DCb196BA862B337Aa23eDA1Cb9503C0801b955",
      "implementation": "0xd883C8bA523253c93d97b6C7a5087a7B5ff23d79",
      "deployer": "0xd55cd98cdE61c3CcE1286F9aF50cDbF16f5dba5b"
    }
  },
  {
    "name": "Aurora",
    "chainId": 1313161554,
    "gateway": "0x304acf330bbE08d1e512eefaa92F6a57871fD895",
    "rpc": "https://mainnet.aurora.dev/",
    "constAddressDeployer": "0x98b2920d53612483f91f12ed7754e51b4a77919e",
    "tokenName": "Eth",
    "tokenSymbol": "ETH",
    "wrappedSymbol": "WETH",
    "gasReceiver": "0x2d5d7d31F671F86C782533cc367F14109a082712",
    "AxelarGasService": {
      "salt": "AxelarGasService",
      "address": "0x2d5d7d31F671F86C782533cc367F14109a082712",
      "implementation": "0xE622B1D44F5061DB10ABa2594F1A8eb2DC1fC1d4",
      "deployer": "0x6f24A47Fc8AE5441Eb47EFfC3665e70e69Ac3F05",
      "collector": "0x345662ABfE0E257E23552A434D02Ef274cCb6A90"
    },
    "AxelarDepositService": {
      "salt": "AxelarDepositService",
      "wrappedSymbol": "",
      "refundIssuer": "0x4f671f34d2d23fec3eE3087E3A0221f8D314D9dF",
      "address": "0xc1DCb196BA862B337Aa23eDA1Cb9503C0801b955",
      "implementation": "0xd883C8bA523253c93d97b6C7a5087a7B5ff23d79",
      "deployer": "0xd55cd98cdE61c3CcE1286F9aF50cDbF16f5dba5b"
    }
  },
  {
    "name": "Arbitrum",
    "chainId": 42161,
    "gateway": "0xe432150cce91c13a887f7D836923d5597adD8E31",
    "rpc": "https://arb1.arbitrum.io/rpc",
    "constAddressDeployer": "0x98b2920d53612483f91f12ed7754e51b4a77919e",
    "tokenName": "Eth",
    "tokenSymbol": "ETH",
    "gasReceiver": "0x2d5d7d31F671F86C782533cc367F14109a082712",
    "AxelarGasService": {
      "salt": "AxelarGasService",
      "collector": "0x345662ABfE0E257E23552A434D02Ef274cCb6A90",
      "address": "0x2d5d7d31F671F86C782533cc367F14109a082712",
      "implementation": "0xfEF5c90d84a1C93804496f5e7fbf98ec0C85243C",
      "deployer": "0x6f24A47Fc8AE5441Eb47EFfC3665e70e69Ac3F05"
    },
    "AxelarDepositService": {
      "salt": "AxelarDepositService",
      "wrappedSymbol": "",
      "refundIssuer": "0x4f671f34d2d23fec3eE3087E3A0221f8D314D9dF",
      "address": "0xc1DCb196BA862B337Aa23eDA1Cb9503C0801b955",
      "implementation": "0xBeE52844E35985c1B6729A6B88980209358F9979",
      "deployer": "0xd55cd98cdE61c3CcE1286F9aF50cDbF16f5dba5b"
    },
    "gasOptions": {
      "gasLimit": 20e6
    }
  },
  {
    "name": "Celo",
    "chainId": 42220,
    "gateway": "0xe432150cce91c13a887f7D836923d5597adD8E31",
    "rpc": "https://forno.celo.org",
    "constAddressDeployer": "0x98b2920d53612483f91f12ed7754e51b4a77919e",
    "tokenName": "Celo",
    "tokenSymbol": "CELO",
    "gasReceiver": "0x2d5d7d31F671F86C782533cc367F14109a082712",
    "AxelarGasService": {
      "salt": "AxelarGasService",
      "collector": "0x345662ABfE0E257E23552A434D02Ef274cCb6A90",
      "address": "0x2d5d7d31F671F86C782533cc367F14109a082712",
      "implementation": "0xfEF5c90d84a1C93804496f5e7fbf98ec0C85243C",
      "deployer": "0x6f24A47Fc8AE5441Eb47EFfC3665e70e69Ac3F05"
    },
    "AxelarDepositService": {
      "salt": "AxelarDepositService",
      "wrappedSymbol": "",
      "refundIssuer": "0x4f671f34d2d23fec3eE3087E3A0221f8D314D9dF",
      "address": "0xc1DCb196BA862B337Aa23eDA1Cb9503C0801b955",
      "implementation": "0xb6241272C569767072e0587098415DF6BA0aaEe9",
      "deployer": "0xd55cd98cdE61c3CcE1286F9aF50cDbF16f5dba5b"
    }
  },
  {
    "name": "Kava",
    "chainId": 2222,
    "gateway": "0xe432150cce91c13a887f7D836923d5597adD8E31",
    "rpc": "https://evm.kava.io",
    "constAddressDeployer": "0x98b2920d53612483f91f12ed7754e51b4a77919e",
    "tokenName": "Kava",
    "tokenSymbol": "KAVA",
    "gasReceiver": "0x2d5d7d31F671F86C782533cc367F14109a082712",
    "AxelarGasService": {
      "salt": "AxelarGasService",
      "collector": "0x345662ABfE0E257E23552A434D02Ef274cCb6A90",
      "address": "0x2d5d7d31F671F86C782533cc367F14109a082712",
      "implementation": "0xfEF5c90d84a1C93804496f5e7fbf98ec0C85243C",
      "deployer": "0x6f24A47Fc8AE5441Eb47EFfC3665e70e69Ac3F05"
    },
    "AxelarDepositService": {
      "salt": "AxelarDepositService",
      "wrappedSymbol": "",
      "refundIssuer": "0x4f671f34d2d23fec3eE3087E3A0221f8D314D9dF",
      "address": "0xc1DCb196BA862B337Aa23eDA1Cb9503C0801b955",
      "implementation": "0xd883C8bA523253c93d97b6C7a5087a7B5ff23d79",
      "deployer": "0xd55cd98cdE61c3CcE1286F9aF50cDbF16f5dba5b"
    }
  }
]
